"","Biomarkers.for.left.hand.group.from.scores.plot","VIP","Name","apply(PAK_samp_list, 1, wilcoxtest, grp1 = c(1:6), grp2 = c(7:12))","pak_control_FC - pak_treated_FC"
"1","gene.Y880_RS00195",1.88391522559613,NA,0.588744588744589,-0.0131116603218047
"2","gene.Y880_RS00215",1.7110279521246,NA,0.198607849441138,0.364030020472157
"3","gene.Y880_RS00220",1.63609626776126,"gloA",0.127537709297487,0.573949347556157
"4","gene.Y880_RS01210",1.85121222499458,NA,0.0930735930735931,0.395720148846159
"5","gene.Y880_RS01220",1.62428646405539,NA,0.0776483099927933,0.562526501918458
"6","gene.Y880_RS01300",1.90278788282247,NA,0.0649350649350649,0.435283745911024
"7","gene.Y880_RS01310",1.74360167905674,NA,0.0151515151515152,0.53087263947352
"8","gene.Y880_RS01435",1.87081583060731,NA,0.937229437229437,-0.00549779561344987
"9","gene.Y880_RS01575",1.59235184752215,NA,0.0649350649350649,0.374431857267849
"10","gene.Y880_RS01595",1.63498529294277,NA,0.148829147839297,0.557482857060261
"11","gene.Y880_RS01600",2.05237027206176,NA,0.00216450216450216,1.94130139153707
"12","gene.Y880_RS01695",1.75378620290558,NA,0.0776483099927933,0.383333543021878
"13","gene.Y880_RS01735",1.60619742908958,NA,0.513629113393124,0.074848596607306
"14","gene.Y880_RS01795",1.68010087521565,NA,0.037040730591938,0.390692832703504
"15","gene.Y880_RS01975",1.69685716093078,NA,0.025974025974026,0.430646864584204
"16","gene.Y880_RS01980",1.73149121729758,NA,0.0303479417395604,0.706411114073699
"17","gene.Y880_RS02010",1.95194230945119,NA,0.261496176191146,0.312207427790131
"18","gene.Y880_RS02015",1.7312928054985,NA,0.0915542414558325,0.273811569448327
"19","gene.Y880_RS02105",1.7116816520779,NA,0.0930735930735931,0.692512465106202
"20","gene.Y880_RS02110",1.62474896651754,NA,0.0776483099927933,0.677489030477128
"21","gene.Y880_RS02115",1.55703515878987,NA,0.0771276378156315,0.171359948246207
"22","gene.Y880_RS02150",1.70219581682652,NA,0.00216450216450216,0.333199379212907
"23","gene.Y880_RS02155",1.67775414520561,"livG",0.025974025974026,0.283305549509787
"24","gene.Y880_RS02160",1.79132165746583,"livM",0.025974025974026,0.620367483534807
"25","gene.Y880_RS02170",1.72114825937953,NA,0.148829147839297,0.293377877067257
"26","gene.Y880_RS02345",1.56592252387483,NA,0.393939393939394,0.0960888109737947
"27","gene.Y880_RS02510",1.787943334157,NA,0.30952380952381,0.167783048450161
"28","gene.Y880_RS02695",1.61889045415684,NA,0.393939393939394,0.315009887853249
"29","gene.Y880_RS02790",1.73065100428912,NA,0.228132867748137,0.324751376457933
"30","gene.Y880_RS02880",1.79440306880905,NA,0.025974025974026,0.699348291379781
"31","gene.Y880_RS02925",1.96915857145947,NA,0.0915542414558325,0.286304185156641
"32","gene.Y880_RS02930",1.56062377697052,NA,0.334120289357892,0.239023648402322
"33","gene.Y880_RS03590",1.84612994534138,NA,0.393939393939394,0.205656888067165
"34","gene.Y880_RS04165",1.62840330755062,NA,0.24025974025974,0.192572883688253
"35","gene.Y880_RS04840",1.60702506194038,NA,0.127537709297487,0.670837427536679
"36","gene.Y880_RS04930",1.55272642863953,NA,0.0244696505769867,0.378899548791686
"37","gene.Y880_RS05005",1.69025463258614,NA,0.0300577569306801,0.567834238205006
"38","gene.Y880_RS05270",1.68888662355144,NA,0.108694580796525,0.294516082515102
"39","gene.Y880_RS05515",1.68457736837306,NA,0.0930735930735931,0.603225438733713
"40","gene.Y880_RS05520",1.60814699646872,NA,0.0776483099927933,1.54373142062517
"41","gene.Y880_RS05525",1.78252310463892,NA,0.0244696505769867,2.16893481937819
"42","gene.Y880_RS05590",1.68952382357282,NA,0.0360487075944329,1.13750352374994
"43","gene.Y880_RS05595",1.69350218160203,NA,0.0247217123384461,1.26932365390431
"44","gene.Y880_RS05600",1.6547499641975,NA,0.0930735930735931,1.07375038402509
"45","gene.Y880_RS05605",1.70224640073063,NA,0.0776483099927933,0.763913780114677
"46","gene.Y880_RS05610",1.90015134306562,NA,0.0650809586577916,0.992442465873481
"47","gene.Y880_RS05615",1.87278353443198,NA,0.0921251036917092,0.755600145604488
"48","gene.Y880_RS05620",1.6472366208398,NA,0.0411255411255411,0.591198548915276
"49","gene.Y880_RS05625",1.61454938717662,NA,0.054241117559771,0.603584127867622
"50","gene.Y880_RS05630",1.80634815085093,NA,0.0151515151515152,0.769592740258759
"51","gene.Y880_RS05635",1.66827621522261,NA,0.025974025974026,1.06813500594352
"52","gene.Y880_RS05640",1.74448318854183,NA,0.00432900432900433,0.873425065350219
"53","gene.Y880_RS05645",1.60695242591359,NA,0.025974025974026,0.993626967032416
"54","gene.Y880_RS05865",1.75122005775302,"thrH",0.0411255411255411,0.471333412467024
"55","gene.Y880_RS05990",1.61184703186841,"nirD",0.0350640181301201,1.29248125036058
"56","gene.Y880_RS06065",1.55841535434568,NA,0.30952380952381,0.200472036418125
"57","gene.Y880_RS06080",1.60975485724504,NA,0.025974025974026,0.891748060058115
"58","gene.Y880_RS06085",1.56707913982586,NA,0.025974025974026,0.840424661774881
"59","gene.Y880_RS06090",1.6445798000248,NA,0.025974025974026,0.723233183547229
"60","gene.Y880_RS06240",1.69151727850532,NA,0.0649350649350649,0.279261815707031
"61","gene.Y880_RS06335",1.73786586937036,NA,0.025974025974026,0.737421038264539
"62","gene.Y880_RS06495",1.54607146539535,"acpP",0.0411255411255411,1.60734559198483
"63","gene.Y880_RS06940",1.54668866726331,NA,0.062261120734223,0.418133806986422
"64","gene.Y880_RS08150",1.75238432784935,NA,0.0357196496100077,0.818714960307646
"65","gene.Y880_RS08155",1.56460706162282,NA,0.0449512427024494,0.705161605416539
"66","gene.Y880_RS08165",1.80595783439075,NA,0.00865800865800866,0.858416775108751
"67","gene.Y880_RS09540",1.68366408367696,NA,0.00865800865800866,0.568360107521218
"68","gene.Y880_RS09605",1.72326070792898,NA,0.261496176191146,0.204963601428695
"69","gene.Y880_RS09620",1.69644992361616,NA,0.025974025974026,0.98814592629075
"70","gene.Y880_RS09625",1.60995510246824,NA,0.0649350649350649,0.458015624732493
"71","gene.Y880_RS09630",1.78383503771828,NA,0.0650809586577916,0.63608025669372
"72","gene.Y880_RS09790",1.81695551513456,NA,0.0434528019922244,0.654061147681166
"73","gene.Y880_RS09850",1.7563904135736,NA,0.0646100891295447,0.610014641983983
"74","gene.Y880_RS09855",1.88737183130928,NA,0.0921251036917092,0.289540202608924
"75","gene.Y880_RS10160",1.55759797388788,NA,0.24025974025974,0.454675614015406
"76","gene.Y880_RS10285",1.67243123613178,NA,0.0291924598728087,0.848795677916031
"77","gene.Y880_RS10485",1.63479712257508,NA,0.937229437229437,0.0293460768458544
"78","gene.Y880_RS10545",1.70133263748121,NA,0.24025974025974,0.383812370582724
"79","gene.Y880_RS10560",1.55265021081209,NA,0.132034632034632,0.850368164120331
"80","gene.Y880_RS10570",1.7146603139707,NA,0.0646100891295447,0.383413869955155
"81","gene.Y880_RS10610",1.7891671544703,NA,0.132034632034632,0.381686984025649
"82","gene.Y880_RS10615",1.62131129151519,NA,0.17965367965368,0.312742157854693
"83","gene.Y880_RS10675",1.58715103999405,NA,0.0776483099927933,0.226162366071518
"84","gene.Y880_RS11180",1.88899716570365,NA,0.025974025974026,0.836939160498493
"85","gene.Y880_RS11220",1.70052043799263,NA,0.127537709297487,0.473209479897578
"86","gene.Y880_RS11350",1.57711998238127,NA,0.0649350649350649,0.753479994359942
"87","gene.Y880_RS11360",1.62034283218422,NA,0.0200223867508669,0.473146033596383
"88","gene.Y880_RS11365",1.66361456952692,NA,0.0247217123384461,0.751250170264592
"89","gene.Y880_RS11515",1.81661042739759,NA,0.132034632034632,0.210672699820529
"90","gene.Y880_RS11625",1.98799426649256,NA,0.025974025974026,0.256034293918587
"91","gene.Y880_RS11755",1.59492815079611,NA,0.0445755964572093,0.525313036534984
"92","gene.Y880_RS12045",1.5883771206558,NA,0.0930735930735931,0.346243759719853
"93","gene.Y880_RS12060",1.56546803571214,NA,0.037040730591938,0.84995477737899
"94","gene.Y880_RS12170",1.61045944659433,NA,0.148115795917625,0.246222915843289
"95","gene.Y880_RS12175",1.65085071480547,NA,0.422527407168231,0.0862335980023818
"96","gene.Y880_RS12230",1.69653144070256,NA,0.00629995107705632,0.918250633858561
"97","gene.Y880_RS12235",1.90569887704692,NA,0.393939393939394,0.0520912192944714
"98","gene.Y880_RS12470",1.96225206406493,NA,0.0930735930735931,0.32586989442528
"99","gene.Y880_RS12475",1.76048386850216,NA,0.0921251036917092,0.590025705612853
"100","gene.Y880_RS12555",2.21549138282115,NA,0.00629995107705632,1.47242922290377
"101","gene.Y880_RS12560",2.11496549934976,NA,0.00492203567532315,1.51738270908034
"102","gene.Y880_RS12700",1.5543914472082,NA,0.17965367965368,0.317980676369653
"103","gene.Y880_RS12755",1.73994207948718,NA,0.0930735930735931,0.666247162241946
"104","gene.Y880_RS12780",1.70083075799175,NA,0.260658123811313,0.18080358966605
"105","gene.Y880_RS12790",1.75890646181567,NA,0.00499812476508246,0.279870890081098
"106","gene.Y880_RS12850",1.5663278231871,NA,0.0921251036917092,0.539585106716805
"107","gene.Y880_RS12855",1.60305994612127,"sppA",0.484848484848485,0.107810864760342
"108","gene.Y880_RS12865",1.7980155391593,NA,0.30952380952381,0.289117671731731
"109","gene.Y880_RS12910",1.56382361889757,NA,0.0930735930735931,0.412696240793665
"110","gene.Y880_RS12970",1.67657441474083,"nqrF",0.17965367965368,0.466650046684206
"111","gene.Y880_RS12975",1.57956369916236,"nqrE",0.132034632034632,0.569666210576063
"112","gene.Y880_RS12980",1.7353006225618,"nqrD",0.0649350649350649,0.509883255828422
"113","gene.Y880_RS12995",1.75435144852901,NA,0.0411255411255411,0.608822053219141
"114","gene.Y880_RS13015",1.63094507563601,NA,0.260658123811313,0.0961737308179229
"115","gene.Y880_RS13080",1.70245807265471,NA,0.259817508005842,0.207518749639422
"116","gene.Y880_RS13350",1.76805457807138,NA,0.809854878604907,-0.0520637909589423
"117","gene.Y880_RS13420",1.57633634016148,NA,0.260658123811313,0.144753308597493
"118","gene.Y880_RS13440",1.62147611817669,NA,0.588744588744589,0.124679734468359
"119","gene.Y880_RS13595",1.60139499384508,NA,0.132034632034632,0.851843394330379
"120","gene.Y880_RS13605",1.61297470611895,NA,0.148115795917625,0.131185243628736
"121","gene.Y880_RS13695",1.607472763686,NA,0.0411255411255411,0.738257886631422
"122","gene.Y880_RS13850",1.75974141232631,NA,0.588744588744589,0.164211184031489
"123","gene.Y880_RS13865",1.70075991078312,NA,0.393939393939394,0.216592906652814
"124","gene.Y880_RS13875",1.69578464549965,NA,0.228950681414595,0.273463732059147
"125","gene.Y880_RS13950",1.63998546350715,NA,0.17965367965368,0.645592723073972
"126","gene.Y880_RS14130",2.03071026871083,NA,0.0449512427024494,0.694157746110633
"127","gene.Y880_RS14235",1.56998993915515,NA,0.30952380952381,0.21239138859198
"128","gene.Y880_RS14350",1.89536718018228,NA,0.00432900432900433,0.546034259298287
"129","gene.Y880_RS14475",1.85921993553059,NA,0.335822098321342,0.0524847798007713
"130","gene.Y880_RS14495",2.04181696351336,NA,0.148115795917625,0.163490661306824
"131","gene.Y880_RS14555",1.93774969653458,NA,0.0649350649350649,0.366361982542948
"132","gene.Y880_RS14565",1.76143548773372,NA,0.261496176191146,0.22996672287666
"133","gene.Y880_RS14805",1.72127796427125,"recQ",0.24025974025974,0.374092869837346
"134","gene.Y880_RS14810",1.59126144968727,NA,0.422527407168231,0.139177109554713
"135","gene.Y880_RS15035",1.98635703937954,NA,0.037040730591938,0.485543654042381
"136","gene.Y880_RS15120",1.84920765512346,NA,0.00812704263106845,0.744304807506593
"137","gene.Y880_RS15165",2.0176027169281,NA,0.00801585051302992,0.850219859070546
"138","gene.Y880_RS15280",1.64988138974557,NA,0.199397262753818,0.214421649401936
"139","gene.Y880_RS15285",1.58909409931925,NA,0.573830926598377,0.100149325242915
"140","gene.Y880_RS15450",1.5618394243266,NA,0.393939393939394,0.124889154565764
"141","gene.Y880_RS15560",1.67415827234467,NA,0.17965367965368,0.260675020277798
"142","gene.Y880_RS15595",1.81258917583401,NA,0.108694580796525,0.434017329895747
"143","gene.Y880_RS15750",1.73759303859636,NA,0.30952380952381,0.251126177747723
"144","gene.Y880_RS15995",1.81693708061119,NA,0.025974025974026,0.275808119122041
"145","gene.Y880_RS16025",1.57381836515825,NA,0.127537709297487,0.346834380081828
"146","gene.Y880_RS16200",1.86221772763783,NA,0.0898407694593067,0.489620719916601
"147","gene.Y880_RS16575",1.88101989988284,NA,0.132034632034632,0.312802242609251
"148","gene.Y880_RS16580",1.90446305729347,"tsaB",0.0649350649350649,0.651456301897118
"149","gene.Y880_RS16680",1.631855941406,NA,0.127537709297487,0.454891754114965
"150","gene.Y880_RS16690",1.74230158148165,NA,0.0367092579978252,0.289019795836575
"151","gene.Y880_RS16695",1.92852284857585,NA,0.0411255411255411,0.40913087971045
"152","gene.Y880_RS16775",1.70190415743598,NA,0.108694580796525,0.609453403537671
"153","gene.Y880_RS16885",1.5569239643048,NA,0.0649350649350649,0.917656440334133
"154","gene.Y880_RS17050",1.87968263924914,NA,0.025974025974026,0.488946228651653
"155","gene.Y880_RS17295",1.65460616255357,NA,0.0649350649350649,0.773188060015203
"156","gene.Y880_RS17325",1.61115555247792,NA,0.054241117559771,0.753244221349036
"157","gene.Y880_RS17330",1.79025313779186,NA,0.00865800865800866,0.672852739085244
"158","gene.Y880_RS17425",1.57622718146053,NA,0.0649350649350649,1.02013862654919
"159","gene.Y880_RS17430",1.83030990774472,NA,0.0244696505769867,1.06130964333198
"160","gene.Y880_RS17460",2.09149517830347,NA,0.484848484848485,0.0372695054968659
"161","gene.Y880_RS17800",1.65408210853109,"moaB",0.0445755964572093,0.684616904832859
"162","gene.Y880_RS17990",1.6426168224474,NA,0.376803927869713,0.304999412206952
"163","gene.Y880_RS18075",1.86706090919373,NA,0.0649350649350649,0.402616429159307
"164","gene.Y880_RS18080",1.5847812728545,NA,0.0649350649350649,0.51333397523104
"165","gene.Y880_RS18140",1.6997918231677,NA,0.17965367965368,0.35977587782676
"166","gene.Y880_RS18165",1.71734027293683,NA,0.588744588744589,0.0788615747943879
"167","gene.Y880_RS18200",1.60935440493785,NA,0.124859563396934,1.29248125036058
"168","gene.Y880_RS18460",1.55707502599593,NA,0.393939393939394,0.230018059922736
"169","gene.Y880_RS18475",1.6782408521312,"ribA",0.470393004438648,0.0799369820535798
"170","gene.Y880_RS18480",1.88455825373996,NA,0.00216450216450216,0.555790507605754
"171","gene.Y880_RS18500",1.55487388401574,NA,0.132034632034632,0.45466260422228
"172","gene.Y880_RS18505",1.77110653263364,NA,0.0411255411255411,0.466512276862371
"173","gene.Y880_RS18840",1.76657798353011,NA,0.126869349311055,0.466825119682062
"174","gene.Y880_RS19415",1.57153079255625,NA,0.17965367965368,0.206716806788126
"175","gene.Y880_RS19630",1.56969979422301,NA,0.132034632034632,0.610682644990195
"176","gene.Y880_RS19845",1.74675441443044,NA,0.818181818181818,0.0450283607765058
"177","gene.Y880_RS20325",1.70384306712416,NA,0.132034632034632,0.42884072131541
"178","gene.Y880_RS20330",1.75442548969056,NA,0.0649350649350649,0.342624222562396
"179","gene.Y880_RS20355",1.72253268322634,NA,0.484848484848485,0.218152629681562
"180","gene.Y880_RS20360",1.72392227540646,"murG",0.699134199134199,0.131669582038366
"181","gene.Y880_RS20535",1.70732059045742,NA,0.0930735930735931,0.447410600459682
"182","gene.Y880_RS20590",1.61032776852988,NA,0.699134199134199,0.00774912494371449
"183","gene.Y880_RS20945",1.63380335259138,"pilB",0.30952380952381,0.0908800703893125
"184","gene.Y880_RS20960",1.68498951830435,NA,0.127537709297487,0.137868086183797
"185","gene.Y880_RS21025",1.58535578530185,NA,0.0411255411255411,0.821782353393697
"186","gene.Y880_RS21035",1.55454528650301,NA,0.199397262753818,0.908458719002862
"187","gene.Y880_RS21050",1.60581152082456,NA,0.17965367965368,0.48177441581565
"188","gene.Y880_RS21060",1.5968373923051,NA,0.0646100891295447,0.36280286600083
"189","gene.Y880_RS21065",1.78219037458231,NA,0.0649350649350649,0.299039000255707
"190","gene.Y880_RS21070",1.61687954667486,NA,0.228950681414595,0.182649755913439
"191","gene.Y880_RS21100",1.6910442785983,NA,0.00865800865800866,0.384311263784444
"192","gene.Y880_RS21140",1.58259865392761,NA,0.484848484848485,0.190212297159341
"193","gene.Y880_RS21145",1.55167826188281,"mviN",0.17965367965368,0.274914780840064
"194","gene.Y880_RS21160",1.60123627008103,NA,0.30952380952381,0.296825180599608
"195","gene.Y880_RS21165",1.62773710965636,"obgE",0.24025974025974,0.248351753398692
"196","gene.Y880_RS21195",1.89205990887616,NA,0.0649350649350649,0.48977190144049
"197","gene.Y880_RS21720",1.55990118625916,NA,0.0649350649350649,0.833399929163773
"198","gene.Y880_RS22220",1.60539618554733,NA,0.0930735930735931,0.580368239701031
"199","gene.Y880_RS22225",1.63454926532838,NA,0.132034632034632,0.57195936670524
"200","gene.Y880_RS22260",1.65291837793309,NA,0.30952380952381,0.228247660910689
"201","gene.Y880_RS22265",1.64646214784539,NA,0.30952380952381,0.262528768702298
"202","gene.Y880_RS22330",1.8931077268581,NA,0.0538188220702278,0.287230329296348
"203","gene.Y880_RS22335",1.77345971972445,NA,0.30952380952381,0.0682832022479412
"204","gene.Y880_RS22345",1.59122599661977,"pdhR",0.17965367965368,0.147607405791472
"205","gene.Y880_RS22800",1.80033500712902,NA,0.147401302167895,0.210731884219139
"206","gene.Y880_RS22880",1.81675211243062,NA,0.00432900432900433,0.630587031904133
"207","gene.Y880_RS23240",1.73523422673667,NA,0.0649350649350649,0.267789579495279
"208","gene.Y880_RS23245",1.68042591236676,NA,0.132034632034632,0.176867130717627
"209","gene.Y880_RS23250",1.77804979684508,NA,0.17965367965368,0.21531226905398
"210","gene.Y880_RS23325",1.7986577364128,NA,0.00812704263106845,0.301145408896609
"211","gene.Y880_RS23330",1.76140734201212,"serB",0.393939393939394,0.152249693783968
"212","gene.Y880_RS23530",1.77799054888684,NA,0.588744588744589,0.0591268841154253
"213","gene.Y880_RS23565",1.59207203397364,NA,0.30952380952381,0.257505759503161
"214","gene.Y880_RS23570",1.78089382437213,NA,0.30952380952381,0.0802458381647835
"215","gene.Y880_RS23600",1.61738631778238,"waaF",0.261496176191146,0.359398873870459
"216","gene.Y880_RS23645",1.91521712710581,NA,0.025974025974026,0.322631505494486
"217","gene.Y880_RS23775",1.59438714123506,NA,0.0649350649350649,0.772970257401386
"218","gene.Y880_RS23780",1.65473634943809,NA,0.24025974025974,0.309220080716909
"219","gene.Y880_RS24220",1.70823817894504,NA,0.0930735930735931,0.351998768777141
"220","gene.Y880_RS24570",1.55914652819114,NA,0.0538188220702278,0.279326099454821
"221","gene.Y880_RS24650",1.58886964734932,NA,0.818181818181818,-0.0958100362708141
"222","gene.Y880_RS25215",1.58792178326452,"coaBC",1,-0.0485795456701066
"223","gene.Y880_RS25220",1.9579576569255,NA,0.0411255411255411,0.241905231761823
"224","gene.Y880_RS25270",1.8260970999022,NA,0.261496176191146,0.177687288990253
"225","gene.Y880_RS25275",1.95138869129938,NA,0.24025974025974,0.249793254277893
"226","gene.Y880_RS25280",2.0862268978709,NA,0.17965367965368,0.112456006610387
"227","gene.Y880_RS25290",1.58438024058126,NA,0.127537709297487,0.354358675217096
"228","gene.Y880_RS25300",1.65327812520708,NA,0.393939393939394,0.093401421674467
"229","gene.Y880_RS25680",1.81163788382906,NA,0.0063922688707677,0.648490868878566
"230","gene.Y880_RS25905",1.58556841383047,NA,0.0649350649350649,0.721864053009856
"231","gene.Y880_RS26070",1.68605668643028,NA,0.393939393939394,0.180744015501055
"232","gene.Y880_RS26270",1.57824009576912,NA,0.228950681414595,0.193085996815224
"233","gene.Y880_RS26675",1.58357583914089,NA,0.148829147839297,0.299731035208136
"234","gene.Y880_RS26830",1.72305940790068,NA,0.0411255411255411,0.75497493124004
"235","gene.Y880_RS27255",1.6947603517994,NA,0.0930735930735931,0.555912002150068
"236","gene.Y880_RS28220",1.57103931490601,NA,0.818181818181818,-0.0494236413637292
"237","gene.Y880_RS28430",1.78903460521275,NA,0.30952380952381,0.0915513004456265
"238","gene.Y880_RS28640",1.62922170622109,NA,0.0411255411255411,0.666436781613561
"239","gene.Y880_RS28670",1.57661496634189,"pyrB",1,-0.0415629088456893
"240","gene.Y880_RS28855",1.61070062278643,NA,0.484848484848485,0.289164704194355
"241","gene.Y880_RS28920",1.63387285943857,NA,0.818181818181818,0.0642254964703524
"242","gene.Y880_RS29095",1.6374082637618,NA,0.468041605900417,0.308335680224247
"243","gene.Y880_RS29115",1.54942620514883,"rarD",0.0649350649350649,0.859517885838003
"244","gene.Y880_RS29575",1.5690988304495,NA,0.22649054028251,0.435964207845285
"245","gene.Y880_RS29960",1.64142610766128,NA,0.025974025974026,0.329305657222205
"246","n1131",1.66962806710052,"1-18:1-lysophosphatidylglycerol",0.0649350649350649,1.59508702075549
"247","n1272",1.80004753771044,"LysoPE(16:1)",0.00865800865800866,1.01069697253999
"248","n1274",1.8377936169109,"PC(15:0)",0.0151515151515152,1.8691042980926
"249","n1277",2.35691761039678,"sn-Glycerol 3-phosphate",0.00216450216450216,2.10550864750428
"250","n1280",2.28025025793916,"2,6-Dimethyl-1,8-octanedioic acid",0.00216450216450216,1.24873447474381
"251","n1499",2.25999344152485,"FA hydroxy (18:2)",0.00216450216450216,1.48260427457392
"252","n1664",2.06003009701432,"FA oxo(18:0)",0.00216450216450216,0.874928164865558
"253","n1848",1.99962621301204,"[FA hydroxy(16:1)] (+)-12-hydroxy-9Z-hexadecenoic acid",0.00216450216450216,0.643968112870947
"254","n1849",2.18933846960626,"[FA oxo(16:2)] cyclopentanehexanoic acid",0.00216450216450216,1.30847717634317
"255","n1933",1.69001837435477,"1-acyl-sn-glycero-3-phosphoglycerol (n-C16:0)",0.00865800865800866,1.29451016279269
"256","n1956",2.2190041406299,"FA (18:1)",0.00216450216450216,1.76758601304389
"257","n2035",2.243804377107,"FA(16:1)",0.00216450216450216,2.34662799589591
"258","n2086",1.61932612504561,"AMP",0.025974025974026,1.13372461118936
"259","n2133",1.69305573056058,"[LysoPC(14:1)] 1-(9Z-tetradecenoyl)-sn-glycero-3-phosphocholine",0.00432900432900433,1.82128228315693
"260","n2677",1.67660508767744,"LysoPE(18:0)",0.0649350649350649,1.2966699422228
"261","n2749",1.67267527975813,"[FA hydroxy(10:0)] 9-hydroxy-decanoic acid",0.025974025974026,0.568887660069521
"262","n2761",1.59557099789669,"L-Tyrosine",0.025974025974026,0.548089040950931
"263","n2770",1.65431946776195,"[PE(15:0/15:0)] 1,2-dipentadecanoyl-sn-glycero-3-phosphoethanolamine",0.0411255411255411,1.42176313610856
"264","n2884",1.87149849989173,"LysoPE(0:0/14:0)",0.00432900432900433,1.04889060861946
"265","n2913",1.88649326556543,"beta-Tocotrienol",0.00432900432900433,0.461284557250799
"266","n3044",1.61983709467726,"[PE(16:0/14:0)] 1-hexadecanoyl-2-tetradecanoyl-sn-glycero-3-phosphoethanolamine",0.0151515151515152,1.02153631307496
"267","n3085",1.60099237217143,"PS(38:4)",0.025974025974026,0.69460699299391
"268","n3087",2.1038431674661,"11,12,13-trihydroxy-9-octadecenoic acid",0.00216450216450216,0.659715553471713
"269","n3110",1.65634631170735,"Pantetheine 4'-phosphate",0.0402534094922601,24.4322109062983
"270","n623",1.66869579357976,"1-acyl-sn-glycero-3-phosphoglycerol (n-C18:0)",0.0151515151515152,1.34778953580646
"271","n628",1.98691065786886,"[FA (18:1)] 9Z-octadecenoic acid",0.00216450216450216,0.656987338765834
"272","n651",1.99894606372914,"chlorophyll c2",0.00216450216450216,2.51712615561743
"273","n703",2.19452271010234,"10S-HpOME",0.00216450216450216,1.07595731689741
"274","n712",1.85781466420074,"PE(32:1)",0.00865800865800866,1.05684514895643
"275","n713",1.78003352759321,"Ala-Thr-Ser-Tyr",0.00865800865800866,0.910246364162967
"276","n715",2.05916191348081,"Met-Thr-Pro-Pro",0.00216450216450216,0.848390430085372
"277","n720",1.67969171531154,"Ala-Thr-Cys-His",0.0151515151515152,1.08050038170536
"278","n722",1.82353391576305,"Arg-Asn-Asp-Asp",0.00865800865800866,1.05105127765515
"279","n823",2.19336072226554,"PE(30:1)",0.00216450216450216,1.61166972109843
"280","n825",1.87661650218496,"Flavanone 7-O-beta-D-glucoside",0.00216450216450216,1.24454211738327
"281","n941",2.09286865332677,"LysoPE(16:0)",0.00216450216450216,1.32964072460645
"282","n967",1.80900935925887,"PG(16:0/16:0)",0.0151515151515152,2.09990576613191
"283","neg_109",2.24939296748368,NA,0.00216450216450216,1.38736350349101
"284","neg_111",1.59775241410856,"",0.0649350649350649,1.55144138006865
"285","neg_115",1.78503011586778,"",0.0151515151515152,1.31872781217612
"286","neg_13",2.2054881850156,NA,0.00216450216450216,1.63620496476694
"287","neg_15",2.10935325634817,NA,0.00216450216450216,1.9006368107857
"288","neg_154",2.25313209443787,NA,0.00216450216450216,1.67966951920383
"289","neg_168",1.57800817881817,NA,0.0649350649350649,1.90786508584102
"290","neg_184",1.80997394291841,"4-keto myristic acid",0.00216450216450216,0.57438725531032
"291","neg_186",1.69895372105946,"2-tetradecenoic acid",0.0411255411255411,0.991794144245095
"292","neg_19",2.24201850453509,"PE(18:1(9Z)/0:0)",0.00216450216450216,1.71406193854516
"293","neg_198",2.09915912242557,NA,0.00216450216450216,1.48473863687672
"294","neg_2",2.03241829972294,"2-Hexyldecanoic acid",0.00216450216450216,0.637085538608453
"295","neg_201",2.18889546781792,"LP 12 hydrochloride hydrate",0.00216450216450216,1.28757226375657
"296","neg_21",2.26400336802443,"9,10-dihydroxy-12-octadecenoic acid",0.00216450216450216,1.10176541637798
"297","neg_210",1.8269869089492,NA,0.0151515151515152,0.988135816688821
"298","neg_213",1.74567090604847,NA,0.00865800865800866,0.647309503875057
"299","neg_216",2.21276644860526,NA,0.00216450216450216,1.03086169536366
"300","neg_22",1.89268326693391,"9-hydroxy-12Z-octadecenoic acid",0.00432900432900433,0.609404115519794
"301","neg_220",2.0432619802478,"PG(15:0/15:0)[U]",0.00216450216450216,0.787030347973648
"302","neg_226",1.76080592197091,NA,0.0151515151515152,1.07613646011484
"303","neg_231",2.25350297126888,"D-Glycerol 1-phosphate",0.00216450216450216,1.60485710159035
"304","neg_248",1.91193344773979,NA,0.00216450216450216,1.44985052805091
"305","neg_251",2.3322266811862,"cis-&alpha;-octenoic acid",0.00216450216450216,1.77331293951094
"306","neg_252",1.61039558842546,"Istamycin C0",0.0411255411255411,0.330761062810101
"307","neg_289",1.76244687597801,"Guanosine 5&prime;-diphosphate (GDP)",0.0151515151515152,1.3825145037511
"308","neg_29",2.39820450888428,"D-Glycerol 1-phosphate",0.00216450216450216,2.34475518787232
"309","neg_299",1.61664624447247,"Methyl 2-propenyl selenide",0.025974025974026,1.45817941737177
"310","neg_3",2.21375070543602,"2Z-octadecenoic acid",0.00216450216450216,1.63436019480599
"311","neg_307",2.34202045010095,"",0.00216450216450216,3.28896312976654
"312","neg_313",1.86502778763272,"L-Tyrosine",0.00865800865800866,0.728944196315965
"313","neg_331",2.25827625768872,"Idebenone Metabolite (1,4-Benzenediol, 2-(10-hydroxydecyl)-5,6-dimethoxy-3-methyl-)",0.00216450216450216,1.63312120763021
"314","neg_332",2.39280070046388,NA,0.00216450216450216,1.90346952286646
"315","neg_333",2.19415958773248,NA,0.00216450216450216,1.35666684496871
"316","neg_347",1.58563343340468,NA,0.025974025974026,0.909863973929941
"317","neg_350",1.59346737919552,"D-Glucose 6-phosphate",0.0411255411255411,1.20456009877375
"318","neg_36",2.25255985320549,"PE(16:0/0:0)",0.00216450216450216,1.38354906449784
"319","neg_360",1.73785388146318,"beta-D-Glucosamine",0.0411255411255411,1.44758466761655
"320","neg_363",1.56255986432814,"Glyceric acid",0.025974025974026,0.757997744055981
"321","neg_37",1.83150586615467,NA,0.00865800865800866,0.894786487775797
"322","neg_370",2.03159111911205,"2-hydroxy capric acid",0.00216450216450216,1.33998679496182
"323","neg_371",2.25153159216528,NA,0.00216450216450216,1.33638205918006
"324","neg_373",1.59792309939895,"Meprobamate",0.0411255411255411,0.393975243381135
"325","neg_374",1.7110586812949,"9-hydroperoxy-10E,12-octadecadienoic acid",0.0649350649350649,0.957674616493929
"326","neg_388",1.65387837952281,"2-lauroleic acid",0.0151515151515152,1.36053420140538
"327","neg_389",1.80607680821312,"",0.0151515151515152,1.32618071908785
"328","neg_391",1.6105569426844,"",0.0151515151515152,0.455461101930112
"329","neg_397",1.89143272353854,NA,0.00432900432900433,1.22741215787318
"330","neg_4",2.11942207561145,"Gaidic acid",0.00216450216450216,1.90337377732235
"331","neg_410",1.68237381270393,"4R-aminopentanoic acid",0.025974025974026,1.11675072874822
"332","neg_43",2.26358752362578,"DIBUTYL SUBERATE",0.00216450216450216,1.66705295847884
"333","neg_448",1.84277738802199,"Iodoacetic acid",0.00432900432900433,2.4130045113625
"334","neg_46",2.18390401167773,"PE(18:1(9Z)/0:0)",0.00216450216450216,1.91768400282857
"335","neg_468",2.22531667536014,"Oxalosuccinic acid",0.00216450216450216,1.47925333138051
"336","neg_469",1.56174004118141,NA,0.0649350649350649,1.92331801905998
"337","neg_496",1.78894433412672,NA,0.0151515151515152,1.35466928743628
"338","neg_498",1.55919722319787,"5'-CMP",0.0411255411255411,1.43996524949992
"339","neg_507",1.69690576292804,"UDP-N-acetyl-D-galactosamine",0.0411255411255411,1.70734954518743
"340","neg_518",1.69597653923213,"Liquid thiophthene",0.025974025974026,1.0294918071344
"341","neg_524",1.89251561267617,"PE(18:0/12:0)[U]",0.00216450216450216,1.21704534989401
"342","neg_535",1.55332820278929,"clioquinol",0.0411255411255411,0.133227411873335
"343","neg_545",1.58622375915836,"",0.0151515151515152,0.580207910932913
"344","neg_55",1.55019206147508,"10-methyl-9-hexadecenoic acid",0.0649350649350649,2.01757664290103
"345","neg_559",1.67503702504053,"L-Tyrosine",0.0411255411255411,0.936887278570961
"346","neg_570",1.55757800803102,"NADIDE",0.0411255411255411,1.67853028768628
"347","neg_579",2.0011242190449,"Vignatic acid B",0.00432900432900433,0.555281456667032
"348","neg_58",2.26926020384472,"Ambrettolic acid",0.00216450216450216,0.976136804030439
"349","neg_582",2.19149329857877,NA,0.00216450216450216,2.25873033215566
"350","neg_59",2.25975138566495,"(&plusmn;)9-HODE",0.00216450216450216,1.34376737626866
"351","neg_600",2.35285574789358,NA,0.00216450216450216,1.79981677814981
"352","neg_605",1.86343957176949,"Deoxyadenosine monophosphate",0.0151515151515152,1.57069965863159
"353","neg_61",1.56289271406467,"",0.0649350649350649,1.59066124679943
"354","neg_616",1.78450403194952,"L-beta-aspartyl-L-leucine",0.0151515151515152,0.427842144992958
"355","neg_64",2.24085677695479,NA,0.00216450216450216,1.72353053754558
"356","neg_642",1.7901594849634,"Guanidylic acid (guanosine monophosphate)",0.0151515151515152,1.45292607449328
"357","neg_644",1.5654330838504,"S-(4-Bromophenyl)-mercaptopyruvate",0.00432900432900433,0.529529072446486
"358","neg_652",1.70456768702897,NA,0.00432900432900433,0.954353799478287
"359","neg_664",1.62908102553437,"L-Histidine",0.025974025974026,0.775274326915586
"360","neg_67",2.08928943757179,NA,0.00216450216450216,0.662534511160604
"361","neg_675",1.75724119482777,"Sulfoacetic acid",0.025974025974026,0.853476280079168
"362","neg_693",1.59400392999038,"Acetyl-CoA",0.025974025974026,0.72343045056315
"363","neg_718",2.27622148773759,"Neuraminic acid",0.00216450216450216,1.92983535913126
"364","neg_73",2.39894764534969,"",0.00216450216450216,4.60985111045613
"365","neg_735",1.6766469616115,"Sulfamoyldapsone",0.00865800865800866,0.582216407813295
"366","neg_752",1.72091223469739,NA,0.0151515151515152,0.445323605006369
"367","neg_77",2.16762436931589,"PE(16:0/0:0)",0.00216450216450216,1.37656977920074
"368","neg_772",1.97878043708551,"Deoxyguanosine diphosphate (dGDP)",0.00432900432900433,1.41808148267611
"369","neg_79",1.77249359254055,"Methoprene acid",0.0649350649350649,1.70728627501018
"370","neg_791",2.31382489935518,"",0.00216450216450216,2.00082484008656
"371","neg_80",1.81558706816549,NA,0.00865800865800866,0.961747053462517
"372","neg_801",1.68061291649079,"",0.025974025974026,1.18728900707449
"373","neg_803",2.11912097943067,"Cartilagineal",0.00216450216450216,1.36552411774342
"374","neg_806",1.58536919097844,"",0.00865800865800866,1.02786377832036
"375","neg_84",1.77212018982366,"PC(O-11:1(10E)/2:0)",0.0151515151515152,1.05959970744257
"376","neg_844",2.09271346578366,"2-(Fluoromethoxy)-1,1,3,3,3-pentafluoro-1-propene (Compound A)",0.00432900432900433,0.968747227754122
"377","neg_848",1.56443106151299,NA,0.0411255411255411,0.310435865464939
"378","neg_88",2.27530620630219,NA,0.00216450216450216,1.13872918177315
"379","neg_9",2.02884525731839,NA,0.00216450216450216,0.646789134263397
"380","neg_90",1.96420599474244,"(??)9-HODE",0.00432900432900433,1.49837383217319
"381","neg_92",1.85369340664439,NA,0.00865800865800866,0.592808609800269
"382","p1106",1.60162386740789,"Glyuranolide",0.025974025974026,1.16066636376134
"383","p1295",1.99960134221705,"4,7,10,13-Hexadecatetraenoic acid",0.00216450216450216,1.7465717987404
"384","p1314",1.94046566474352,"psicoselysine",0.00216450216450216,1.42773193446006
"385","p1319",1.96749183933215,"4-8dimethylnonanoylcarnitine",0.00432900432900433,1.04864865527152
"386","p1744",2.08028737755732,"[PR] (+)-Bornane-2,5-dione",0.00216450216450216,0.913969729879735
"387","p1803",2.05431582229869,"14,14,14-Trifluoro-11E-tetradecenyl acetate",0.00216450216450216,1.70243037603272
"388","p181",1.76809738788628,"Ala-Leu-Lys-Thr",0.0151515151515152,1.11621135072614
"389","p1812",2.1341307896141,"Sambutoxin",0.00216450216450216,1.21256424668852
"390","p188",1.73224467223994,"Ser-Ser-Arg",0.00865800865800866,1.21350200408474
"391","p227",2.12601046746761,"5beta-Estrane-3alpha,17beta-diol",0.00216450216450216,1.51415241204611
"392","p234",2.1513868213945,"(+)-Prosopinine",0.00216450216450216,1.53401749504701
"393","p242",2.13952876919791,"Rishitin",0.00216450216450216,1.5046589300885
"394","p245",2.15971495300726,"3-hydroxy-9-apo-&beta;-caroten-9-one",0.00216450216450216,1.48118311126665
"395","p249",2.06896277081557,"4,8-Dimethyl-4E,8E-decadien-10-olide",0.00216450216450216,1.26275312574423
"396","p251",2.03140890686404,"(1S,2R,4S)-(-)-Bornyl acetate",0.00216450216450216,1.02231533453252
"397","p255",2.12001551975701,"3-tert-Butyl-5-methylcatechol",0.00216450216450216,1.14388734686559
"398","p260",2.16860782396555,"PA(31:2)",0.00216450216450216,2.32083662679656
"399","p267",1.90321521847675,"3-Isopropylcatechol",0.00216450216450216,0.630936842005735
"400","p273",2.05972634285405,"N-palmitoyl threonine",0.00216450216450216,1.0811206111023
"401","p274",1.78509513884885,"5-Ethyl-3-methyl-2E,4E,6E-nonatriene",0.00216450216450216,1.19809030565822
"402","p2906",1.6157963314986,"5'-Methylthioadenosine",0.025974025974026,1.30340177122461
"403","p2913",1.82942798529435,"Cytochalasin Opho",0.00216450216450216,0.911749032600234
"404","p339",1.64266187009963,"[PC(14:0/18:0)] 1-tetradecanoyl-2-octadecanoyl-sn-glycero-3-phosphocholine",0.0411255411255411,1.68470017315455
"405","p3612",1.56080042235649,"Thiamin",0.0124359172456282,15.8048982494278
"406","p3804",2.07087455526511,"8-(5-hexyl-furan-2-yl)-octanoic acid",0.00216450216450216,1.17533358445043
"407","p3805",2.0850342036046,"FA (10:2) Decadienoic acid",0.00216450216450216,1.1066136895666
"408","p3806",2.08035530073117,"Tricycloekasantal",0.00216450216450216,1.36437539654163
"409","p3807",2.11174696788271,"Jasmone",0.00216450216450216,1.46018469912033
"410","p3812",2.05537693131349,"FA (9:2) nonadienoic acid",0.00216450216450216,1.19654520970415
"411","p3816",2.08542932268906,"Isolongifolene, 4,5,9,10-dehydro-",0.00216450216450216,1.45694621108616
"412","p4429",2.22274933424626,"Atrovirinone",0.00216450216450216,0.938346825469365
"413","p4607",1.58794132495604,"Asp-Leu-Lys-Pro",0.0649350649350649,1.29747840223655
"414","p4768",2.22345684984953,"4,4-Difluoro-17beta-hydroxy-17alpha-methyl-androst-5-en-3-one",0.00216450216450216,1.85216576296057
"415","p4833",2.03919667460118,"Butadiene-styrene rubber",0.00216450216450216,0.59810802212079
"416","p5540",2.15993505203049,"[SP amino,tetramethyl(4:0/18:0/3:0)] 2S-amino-5,9,13,17-tetramethyl-8E,16-octadecadiene-1,3R,14-triol",0.00216450216450216,1.27594799457851
"417","p5562",1.80271267188442,"Leu-Gly-Pro",0.00432900432900433,1.56828515582046
"418","pos_1013",1.89023412633274,NA,0.00865800865800866,1.00333431820485
"419","pos_102",2.39450611653325,"Phenylglyoxylic acid",0.00216450216450216,2.32193851384525
"420","pos_1020",1.55636622795332,"2-AMINOPURINE",0.0151515151515152,0.489198235961734
"421","pos_1021",2.37398135607068,"2-Amino-3-methyl-1-butanol",0.00216450216450216,1.66360057770618
"422","pos_1023",2.20368952836228,"",0.00216450216450216,1.69897094785694
"423","pos_1034",1.88443603908373,NA,0.0151515151515152,1.00833627169542
"424","pos_1042",1.56775063502686,"5'-CMP",0.0411255411255411,1.56815045520227
"425","pos_1043",1.7928276711688,"",0.025974025974026,1.61044069803783
"426","pos_1052",1.67657665088159,"Alepric acid",0.0151515151515152,0.596924758869527
"427","pos_1060",2.30188027975743,"Cinnamaldehyde",0.00216450216450216,1.35943731896986
"428","pos_1063",1.63609840440331,".beta.-Peltatin, 3'-demethoxy-O-methyl-",0.00865800865800866,1.73252800250818
"429","pos_1067",1.55130308589309,"0",0.0411255411255411,0.73849234381801
"430","pos_1085",1.63291644377391,NA,0.0411255411255411,2.08122007215284
"431","pos_109",1.91038214353557,"Lys Lys Ser",0.0151515151515152,0.85051231435979
"432","pos_1090",1.93692726974536,NA,0.00865800865800866,2.00740606460629
"433","pos_1092",2.35242664520277,"Thiarubrine A",0.00216450216450216,2.07648321160662
"434","pos_11",1.70173479869756,"4R-aminopentanoic acid",0.0411255411255411,1.51935693362993
"435","pos_1101",1.66745471310618,"cis-&alpha;-octenoic acid",0.00432900432900433,0.380996036215926
"436","pos_112",1.91934283935723,NA,0.00865800865800866,0.817246829231603
"437","pos_1126",1.58393704202948,NA,0.025974025974026,0.964155425568098
"438","pos_1155",1.83906976001418,"Adenosine 5'-phosphate disodium",0.0151515151515152,1.3215764018731
"439","pos_116",2.34501074585778,NA,0.00216450216450216,0.944911995933001
"440","pos_1168",1.605575405968,"Salicylic acid",0.0411255411255411,0.233800054545455
"441","pos_1173",2.23119634603333,"Tizanidine",0.00216450216450216,1.55525046615623
"442","pos_1178",1.60423303307839,"cyclic adenosine diphosphate ribose",0.0411255411255411,1.8915840834774
"443","pos_118",1.90061644305941,"5Z,12Z-otadecadienoic acid",0.00216450216450216,0.622474678620755
"444","pos_1180",1.76844558875065,"Guanosine 5&prime;-diphosphate (GDP)",0.00865800865800866,1.46235221031758
"445","pos_1185",2.39653067346896,NA,0.00216450216450216,2.51161180941168
"446","pos_1188",2.38911387091495,"",0.00216450216450216,2.35258448061531
"447","pos_1209",1.6927623471596,"Acetyl-CoA",0.025974025974026,0.829950477702774
"448","pos_1217",1.5487863167368,"TROMETHAMINE",0.025974025974026,0.761067951940085
"449","pos_1219",1.71473790712563,"Cytosine",0.00865800865800866,1.08432717626021
"450","pos_1223",1.61327663037289,"D-Glucose 6-phosphate",0.0411255411255411,1.3146643680322
"451","pos_1240",2.39503298146813,"3-Hydroxyphenylglycine",0.00216450216450216,2.2154382673974
"452","pos_126",1.77861715402339,"",0.0151515151515152,1.2763991192917
"453","pos_1268",2.06406561165389,"furazolidone",0.00216450216450216,0.883484146806609
"454","pos_128",2.28606721790206,"N-Palmitoyl Glycine",0.00216450216450216,1.55625481404486
"455","pos_1280",1.82044289576601,"Guanidylic acid (guanosine monophosphate)",0.025974025974026,1.70448545269393
"456","pos_13",2.31305320605372,"3E,9Z,12Z-octadecatrienoic acid",0.00216450216450216,1.40947584722104
"457","pos_1332",2.27254579171968,NA,0.00216450216450216,1.69835729681367
"458","pos_1352",1.55207836721372,"Piperazine adipate",0.025974025974026,0.625639500536856
"459","pos_1354",2.32172505350303,"N-Gluconyl ethanolamine phosphate",0.00216450216450216,3.71294095012146
"460","pos_1355",1.57936432476155,NA,0.00865800865800866,0.454811864560956
"461","pos_137",2.1336135670709,"9-hydroxy-12Z-octadecenoic acid",0.00216450216450216,1.2542676527429
"462","pos_1374",1.62763102281092,NA,0.0151515151515152,0.539513845390939
"463","pos_1375",1.92583219517326,"3-Bromosulfolane",0.00865800865800866,1.46901644025034
"464","pos_1377",1.73849058376539,"Benzofuran",0.00216450216450216,0.557709867745604
"465","pos_1394",1.75056150791219,"Glycyl-L-leucine",0.025974025974026,0.793311832432764
"466","pos_1434",1.81083213280213,"",0.0151515151515152,1.28019225679859
"467","pos_1441",1.64913988981391,NA,0.00865800865800866,0.72040461157312
"468","pos_1445",1.55459679890546,"PE(13:0/14:0)[U]",0.00865800865800866,1.01053876598936
"469","pos_1448",1.87749956845598,NA,0.00865800865800866,1.04040635302524
"470","pos_146",1.60868539490626,"(Z)-N-(2-hydroxyethyl)hexadec-7-enamide",0.0151515151515152,0.506796123868455
"471","pos_1472",1.78420479055774,"4-Pyrimidine Methanamine (hydrochloride)",0.0151515151515152,0.601799764619361
"472","pos_1475",1.87745466278438,"",0.00865800865800866,1.37861679553884
"473","pos_1482",1.77640518384494,"",0.00432900432900433,1.23590398052718
"474","pos_1492",1.62158203669107,NA,0.025974025974026,0.687362067899805
"475","pos_154",2.26430689089845,NA,0.00216450216450216,1.30653917628195
"476","pos_157",1.9477997676643,NA,0.00865800865800866,0.822928630946855
"477","pos_171",1.71630448179859,"L-Tyrosine",0.00216450216450216,0.608955667111438
"478","pos_174",2.20979686560093,"9,12-hexadecadienoic acid",0.00216450216450216,0.417275309592885
"479","pos_180",2.39920875961294,"",0.00216450216450216,4.46436071112672
"480","pos_181",2.11421227796877,NA,0.00216450216450216,1.91261240683272
"481","pos_19",2.24694958655735,"PE(18:1(9Z)/0:0)",0.00216450216450216,1.71505193639511
"482","pos_195",2.29786418385641,"5-(1-oxopropan-2-yl)isolongifol-5-ene",0.00216450216450216,1.51501759734847
"483","pos_197",2.39018514328687,"D-Glycerol 1-phosphate",0.00216450216450216,1.60864977392476
"484","pos_213",1.86565864386127,"",0.00216450216450216,2.60927023951015
"485","pos_215",1.59687003532938,"PG(18:1(9E)/0:0)[U]",0.0649350649350649,1.83961976918376
"486","pos_224",2.28322153689727,"(4E,8E,10E-d18:3)sphingosine",0.00216450216450216,1.55174987818987
"487","pos_23",2.34651404210362,"(??)9-HODE",0.00216450216450216,0.942655585723607
"488","pos_234",2.12467002993344,"1-(2,6,6-Trimethyl-2-cyclohexen-1-yl)-1,6-heptadien-3-one",0.00216450216450216,1.9378295593799
"489","pos_238",1.72888170283501,NA,0.0411255411255411,1.67463259417582
"490","pos_242",1.6829098024203,"9Z,12Z,15Z-Octadecatrienal",0.00865800865800866,0.505812270532786
"491","pos_254",1.7751076420807,NA,0.00432900432900433,0.548721112033629
"492","pos_273",1.9401765297357,NA,0.00865800865800866,0.871286307572856
"493","pos_288",1.61684088357362,"Cumene",0.00865800865800866,0.340224162010163
"494","pos_292",2.31611591812898,NA,0.00216450216450216,1.59377808001297
"495","pos_300",2.10092438672081,"Allopumiliotoxin 267A",0.00216450216450216,1.99323387782212
"496","pos_302",1.5775077017328,"Ectocarpen",0.0151515151515152,0.357312019494657
"497","pos_304",1.7736271791885,NA,0.00865800865800866,1.12939852026354
"498","pos_308",2.15641951250762,"LP 12 hydrochloride hydrate",0.00216450216450216,1.2449465557847
"499","pos_318",2.14777207931742,NA,0.00216450216450216,1.94442089142097
"500","pos_320",2.24698596304009,NA,0.00216450216450216,1.72207846233663
"501","pos_330",1.84656504488989,"L-Aspartic Acid",0.00216450216450216,0.426770698480318
"502","pos_340",2.13504927804713,"Dehydrophytosphingosine",0.00216450216450216,0.798372968036166
"503","pos_367",1.84049501311122,"Ethephon",0.00865800865800866,0.932839809210037
"504","pos_372",2.21416133571951,"Polypodine A, mixt. with Polypodine B",0.00216450216450216,2.94462689443584
"505","pos_378",1.95658348568699,NA,0.00865800865800866,0.860265770598446
"506","pos_391",2.31875922588839,"Ambrettolic acid",0.00216450216450216,1.51951963255975
"507","pos_397",2.01048087121881,"TMPH hydrochloride",0.00216450216450216,0.704054420884813
"508","pos_40",2.26345747126325,"PE(16:0/0:0)",0.00216450216450216,1.29422096933091
"509","pos_402",2.24253094519086,"4-Heptyloxyphenol",0.00216450216450216,1.1522838328247
"510","pos_413",2.29654037206134,"4-Vinylcyclohexene",0.00216450216450216,0.799000609287788
"511","pos_43",2.21570616088071,"PE(18:1(9Z)/0:0)",0.00216450216450216,1.88906054060719
"512","pos_441",2.15325814739607,"10E,12E,14E-Hexadecatrienal",0.00216450216450216,0.938361367137635
"513","pos_443",1.62465879270118,"",0.0649350649350649,1.80078439431989
"514","pos_45",1.78229437561106,"Netilmicin",0.00432900432900433,0.995430898320365
"515","pos_454",2.39595435029712,"",0.00216450216450216,3.91329566653031
"516","pos_457",1.97121309687753,NA,0.00432900432900433,0.813160050755076
"517","pos_458",2.39059689502959,"Phosphoric acid",0.00216450216450216,2.18366197293934
"518","pos_461",1.8633488345261,"Phenylmethyl methyl ketone",0.0151515151515152,0.609815043015665
"519","pos_463",1.67326295694183,"",0.0649350649350649,1.71596399491151
"520","pos_466",2.21626219058607,NA,0.00216450216450216,2.35496778259102
"521","pos_467",2.21495743733173,"0",0.00216450216450216,1.25622802714334
"522","pos_470",2.02271890154841,"p-Xylene",0.00216450216450216,0.563901400348602
"523","pos_472",2.08517002095516,"PE(18:1(9Z)/0:0)",0.00216450216450216,0.724513351980505
"524","pos_475",2.18452776214932,"1-(2,6,6-Trimethyl-2-cyclohexen-1-yl)-1,6-heptadien-3-one",0.00216450216450216,2.14796384488392
"525","pos_483",2.33149504713514,NA,0.00216450216450216,1.61198035710688
"526","pos_485",1.6773635889686,"N-(6-aminohexanoyl)-6-aminohexanoic acid",0.00865800865800866,0.402929853829882
"527","pos_486",1.58247478033955,"Lactamide",0.025974025974026,0.726625907388886
"528","pos_487",2.23708201918263,"4-Hexyloxyphenol",0.00216450216450216,1.33004339813193
"529","pos_489",2.20518611487228,NA,0.00216450216450216,1.53441331082866
"530","pos_493",1.91585927522658,NA,0.00216450216450216,0.67774596924378
"531","pos_497",1.66311872878613,NA,0.0649350649350649,0.600439707824972
"532","pos_500",1.81958756415706,"",0.0151515151515152,1.3510027211714
"533","pos_505",1.92075044826267,"",0.00216450216450216,1.35013241997757
"534","pos_519",2.25591899342476,"3-NOR-3-OXOPANASINSAN-6-OL",0.00216450216450216,1.47943763062518
"535","pos_52",1.74344614865977,"Istamycin C1",0.025974025974026,0.784862461004849
"536","pos_521",1.71958035255641,"Ricinoleic Acid methyl ester",0.0151515151515152,0.510351105121593
"537","pos_524",1.75536014400053,"GUANOSINE-5'-DIPHOSPHATE SODIUM SALT",0.0151515151515152,1.34839100695886
"538","pos_526",1.6655791429203,"D-THREONINE",0.00216450216450216,0.253446126277353
"539","pos_544",1.66489833101073,"Pirimicarb",0.00865800865800866,0.335328527211743
"540","pos_552",2.12642572433753,NA,0.00216450216450216,1.31876269261998
"541","pos_557",1.99289476526507,"Cystophorene",0.00432900432900433,0.75727382234134
"542","pos_561",2.03810147478002,"(3E,7E)-4,8,12-Trimethyl-1,3,7,11-tridecatetraene",0.00216450216450216,1.08273237588143
"543","pos_563",2.20310573639193,"Santene",0.00216450216450216,0.972362445537946
"544","pos_566",2.33800699894362,"",0.00216450216450216,3.56759819538378
"545","pos_571",2.20728752826315,"3,4-Dimethylstyrene",0.00216450216450216,1.27554348596937
"546","pos_572",1.669748580013,NA,0.025974025974026,1.56564974783924
"547","pos_574",2.22342137096833,NA,0.00216450216450216,2.98554033212039
"548","pos_578",2.25440451060162,"Aleprylic acid",0.00216450216450216,0.848302685203585
"549","pos_580",2.26684147876864,"Fenipentol, (r)-isomer",0.00216450216450216,1.75950798875246
"550","pos_597",2.11273966674718,"2E,4E-undecadienoic acid",0.00216450216450216,1.49515222764522
"551","pos_600",1.66750649174195,"Glycyl-L-leucine",0.0151515151515152,0.905739283637942
"552","pos_609",1.56282873454474,NA,0.0649350649350649,1.89261492565323
"553","pos_611",2.21999009453203,NA,0.00216450216450216,1.86187479821145
"554","pos_614",2.17431845902067,"13(S)-HOTE",0.00216450216450216,1.55827367635678
"555","pos_620",1.71128214223939,"ACETANILIDE",0.00865800865800866,0.605046292780475
"556","pos_632",1.73147259518772,"m-Coumaric acid",0.00216450216450216,0.591339770353478
"557","pos_653",1.57129609502785,NA,0.0151515151515152,0.15044588467115
"558","pos_655",2.19545420899477,"1-Methyl-1,3-cyclohexadiene",0.00216450216450216,1.06089339171769
"559","pos_660",2.16334460040844,NA,0.00216450216450216,2.0947119541023
"560","pos_666",1.99463870309457,NA,0.00432900432900433,0.69292828014833
"561","pos_670",2.26680957964036,NA,0.00216450216450216,1.27800381697983
"562","pos_674",2.22354620148748,"2,6-nonadienoic acid",0.00216450216450216,1.72924615765382
"563","pos_68",2.18536257942498,"Sclareolide (Norambreinolide)",0.00216450216450216,1.84745148325337
"564","pos_695",1.9660391912222,"Phenanthrene-9,10-oxide",0.00432900432900433,0.25483831370601
"565","pos_714",1.89374810237233,NA,0.00865800865800866,0.95092806237847
"566","pos_715",1.5835165775179,"Meprobamate",0.0151515151515152,0.381515395490943
"567","pos_72",2.22949594651034,"Methoprene acid",0.00216450216450216,1.44705259459165
"568","pos_729",1.93717040023659,"L-Tyrosine",0.00865800865800866,0.986506490785299
"569","pos_751",2.36947554063592,"",0.00216450216450216,3.00185593876017
"570","pos_76",2.29736541297237,"5-(1-oxopropan-2-yl)isolongifol-5-ene",0.00216450216450216,1.48515708691599
"571","pos_769",1.78836024750595,NA,0.0151515151515152,1.37259125687854
"572","pos_770",2.23469340248363,"BHA",0.00216450216450216,2.07168596955528
"573","pos_771",2.20285695130072,"Fenipentol, (r)-isomer",0.00216450216450216,1.63469051944752
"574","pos_779",1.57612543957166,"Piperidine",0.0151515151515152,0.413414047710955
"575","pos_789",1.55286981304779,"NADIDE",0.0411255411255411,1.66029440990722
"576","pos_791",1.86216725583384,NA,0.00865800865800866,0.881867964162623
"577","pos_804",2.28163471874262,NA,0.00216450216450216,1.7212443398799
"578","pos_81",1.90367072624846,"Ala Ala Lys Val",0.00865800865800866,0.658003658527441
"579","pos_817",1.72615529795672,NA,0.00865800865800866,0.527056069734041
"580","pos_821",1.86739081249616,"9Z,12Z,15Z-Octadecatrienal",0.00216450216450216,0.603844742348695
"581","pos_829",2.09539163248776,"Styrene",0.00216450216450216,0.834338976058319
"582","pos_833",1.88792493324151,NA,0.00216450216450216,2.95272117898723
"583","pos_838",1.79487203204567,"Fosfomycin calcium",0.025974025974026,1.3489961202334
"584","pos_84",2.24227943326964,NA,0.00216450216450216,1.74318243113012
"585","pos_850",1.64671388725619,NA,0.00865800865800866,2.23915718588632
"586","pos_857",1.74990632780926,"Mutant IDH1 inhibitor",0.0151515151515152,1.5710661871654
"587","pos_861",1.77857509720338,"Leu Ala",0.0151515151515152,0.883371084878789
"588","pos_87",2.3121957007829,NA,0.00216450216450216,1.40643723967542
"589","pos_873",1.67173903090639,"DG(14:0/16:0/0:0)",0.0649350649350649,0.825568998470462
"590","pos_874",2.28348499075734,"p-Chlorobenzenesulfonylurea",0.00216450216450216,0.899932503277491
"591","pos_90",2.21062192818147,"PE(16:0/0:0)",0.00216450216450216,1.3629954554331
"592","pos_939",2.06653773441585,NA,0.00216450216450216,0.632715078564242
"593","pos_946",1.69878433607468,"SAHA/Vorinostat",0.0151515151515152,0.443880084533571
"594","pos_956",2.19968615104889,"(+)-Vulgraon B",0.00216450216450216,1.30198438568351
"595","pos_971",2.03500390037875,NA,0.00216450216450216,0.809410250851666
"596","pos_976",1.78182374011797,"Arginyl-Valine",0.00865800865800866,0.181459463387085
"597","pos_98",1.75692251318366,"PC(O-11:1(10E)/2:0)",0.0151515151515152,1.06705238266709
"598","pos_982",1.73862780284272,"Ornithine",0.025974025974026,1.31686619424421
