"Biomarkers for left hand group from scores plot","VIP","Name"
"gene.Y880_RS00195",1.88391522559613,NA
"gene.Y880_RS00215",1.7110279521246,NA
"gene.Y880_RS00220",1.63609626776126,"gloA"
"gene.Y880_RS01210",1.85121222499458,NA
"gene.Y880_RS01220",1.62428646405539,NA
"gene.Y880_RS01300",1.90278788282247,NA
"gene.Y880_RS01310",1.74360167905674,NA
"gene.Y880_RS01435",1.87081583060731,NA
"gene.Y880_RS01575",1.59235184752215,NA
"gene.Y880_RS01595",1.63498529294277,NA
"gene.Y880_RS01600",2.05237027206176,NA
"gene.Y880_RS01695",1.75378620290558,NA
"gene.Y880_RS01735",1.60619742908958,NA
"gene.Y880_RS01795",1.68010087521565,NA
"gene.Y880_RS01975",1.69685716093078,NA
"gene.Y880_RS01980",1.73149121729758,NA
"gene.Y880_RS02010",1.95194230945119,NA
"gene.Y880_RS02015",1.7312928054985,NA
"gene.Y880_RS02105",1.7116816520779,NA
"gene.Y880_RS02110",1.62474896651754,NA
"gene.Y880_RS02115",1.55703515878987,NA
"gene.Y880_RS02150",1.70219581682652,NA
"gene.Y880_RS02155",1.67775414520561,"livG"
"gene.Y880_RS02160",1.79132165746583,"livM"
"gene.Y880_RS02170",1.72114825937953,NA
"gene.Y880_RS02345",1.56592252387483,NA
"gene.Y880_RS02510",1.787943334157,NA
"gene.Y880_RS02695",1.61889045415684,NA
"gene.Y880_RS02790",1.73065100428912,NA
"gene.Y880_RS02880",1.79440306880905,NA
"gene.Y880_RS02925",1.96915857145947,NA
"gene.Y880_RS02930",1.56062377697052,NA
"gene.Y880_RS03590",1.84612994534138,NA
"gene.Y880_RS04165",1.62840330755062,NA
"gene.Y880_RS04840",1.60702506194038,NA
"gene.Y880_RS04930",1.55272642863953,NA
"gene.Y880_RS05005",1.69025463258614,NA
"gene.Y880_RS05270",1.68888662355144,NA
"gene.Y880_RS05515",1.68457736837306,NA
"gene.Y880_RS05520",1.60814699646872,NA
"gene.Y880_RS05525",1.78252310463892,NA
"gene.Y880_RS05590",1.68952382357282,NA
"gene.Y880_RS05595",1.69350218160203,NA
"gene.Y880_RS05600",1.6547499641975,NA
"gene.Y880_RS05605",1.70224640073063,NA
"gene.Y880_RS05610",1.90015134306562,NA
"gene.Y880_RS05615",1.87278353443198,NA
"gene.Y880_RS05620",1.6472366208398,NA
"gene.Y880_RS05625",1.61454938717662,NA
"gene.Y880_RS05630",1.80634815085093,NA
"gene.Y880_RS05635",1.66827621522261,NA
"gene.Y880_RS05640",1.74448318854183,NA
"gene.Y880_RS05645",1.60695242591359,NA
"gene.Y880_RS05865",1.75122005775302,"thrH"
"gene.Y880_RS05990",1.61184703186841,"nirD"
"gene.Y880_RS06065",1.55841535434568,NA
"gene.Y880_RS06080",1.60975485724504,NA
"gene.Y880_RS06085",1.56707913982586,NA
"gene.Y880_RS06090",1.6445798000248,NA
"gene.Y880_RS06240",1.69151727850532,NA
"gene.Y880_RS06335",1.73786586937036,NA
"gene.Y880_RS06495",1.54607146539535,"acpP"
"gene.Y880_RS06940",1.54668866726331,NA
"gene.Y880_RS08150",1.75238432784935,NA
"gene.Y880_RS08155",1.56460706162282,NA
"gene.Y880_RS08165",1.80595783439075,NA
"gene.Y880_RS09540",1.68366408367696,NA
"gene.Y880_RS09605",1.72326070792898,NA
"gene.Y880_RS09620",1.69644992361616,NA
"gene.Y880_RS09625",1.60995510246824,NA
"gene.Y880_RS09630",1.78383503771828,NA
"gene.Y880_RS09790",1.81695551513456,NA
"gene.Y880_RS09850",1.7563904135736,NA
"gene.Y880_RS09855",1.88737183130928,NA
"gene.Y880_RS10160",1.55759797388788,NA
"gene.Y880_RS10285",1.67243123613178,NA
"gene.Y880_RS10485",1.63479712257508,NA
"gene.Y880_RS10545",1.70133263748121,NA
"gene.Y880_RS10560",1.55265021081209,NA
"gene.Y880_RS10570",1.7146603139707,NA
"gene.Y880_RS10610",1.7891671544703,NA
"gene.Y880_RS10615",1.62131129151519,NA
"gene.Y880_RS10675",1.58715103999405,NA
"gene.Y880_RS11180",1.88899716570365,NA
"gene.Y880_RS11220",1.70052043799263,NA
"gene.Y880_RS11350",1.57711998238127,NA
"gene.Y880_RS11360",1.62034283218422,NA
"gene.Y880_RS11365",1.66361456952692,NA
"gene.Y880_RS11515",1.81661042739759,NA
"gene.Y880_RS11625",1.98799426649256,NA
"gene.Y880_RS11755",1.59492815079611,NA
"gene.Y880_RS12045",1.5883771206558,NA
"gene.Y880_RS12060",1.56546803571214,NA
"gene.Y880_RS12170",1.61045944659433,NA
"gene.Y880_RS12175",1.65085071480547,NA
"gene.Y880_RS12230",1.69653144070256,NA
"gene.Y880_RS12235",1.90569887704692,NA
"gene.Y880_RS12470",1.96225206406493,NA
"gene.Y880_RS12475",1.76048386850216,NA
"gene.Y880_RS12555",2.21549138282115,NA
"gene.Y880_RS12560",2.11496549934976,NA
"gene.Y880_RS12700",1.5543914472082,NA
"gene.Y880_RS12755",1.73994207948718,NA
"gene.Y880_RS12780",1.70083075799175,NA
"gene.Y880_RS12790",1.75890646181567,NA
"gene.Y880_RS12850",1.5663278231871,NA
"gene.Y880_RS12855",1.60305994612127,"sppA"
"gene.Y880_RS12865",1.7980155391593,NA
"gene.Y880_RS12910",1.56382361889757,NA
"gene.Y880_RS12970",1.67657441474083,"nqrF"
"gene.Y880_RS12975",1.57956369916236,"nqrE"
"gene.Y880_RS12980",1.7353006225618,"nqrD"
"gene.Y880_RS12995",1.75435144852901,NA
"gene.Y880_RS13015",1.63094507563601,NA
"gene.Y880_RS13080",1.70245807265471,NA
"gene.Y880_RS13350",1.76805457807138,NA
"gene.Y880_RS13420",1.57633634016148,NA
"gene.Y880_RS13440",1.62147611817669,NA
"gene.Y880_RS13595",1.60139499384508,NA
"gene.Y880_RS13605",1.61297470611895,NA
"gene.Y880_RS13695",1.607472763686,NA
"gene.Y880_RS13850",1.75974141232631,NA
"gene.Y880_RS13865",1.70075991078312,NA
"gene.Y880_RS13875",1.69578464549965,NA
"gene.Y880_RS13950",1.63998546350715,NA
"gene.Y880_RS14130",2.03071026871083,NA
"gene.Y880_RS14235",1.56998993915515,NA
"gene.Y880_RS14350",1.89536718018228,NA
"gene.Y880_RS14475",1.85921993553059,NA
"gene.Y880_RS14495",2.04181696351336,NA
"gene.Y880_RS14555",1.93774969653458,NA
"gene.Y880_RS14565",1.76143548773372,NA
"gene.Y880_RS14805",1.72127796427125,"recQ"
"gene.Y880_RS14810",1.59126144968727,NA
"gene.Y880_RS15035",1.98635703937954,NA
"gene.Y880_RS15120",1.84920765512346,NA
"gene.Y880_RS15165",2.0176027169281,NA
"gene.Y880_RS15280",1.64988138974557,NA
"gene.Y880_RS15285",1.58909409931925,NA
"gene.Y880_RS15450",1.5618394243266,NA
"gene.Y880_RS15560",1.67415827234467,NA
"gene.Y880_RS15595",1.81258917583401,NA
"gene.Y880_RS15750",1.73759303859636,NA
"gene.Y880_RS15995",1.81693708061119,NA
"gene.Y880_RS16025",1.57381836515825,NA
"gene.Y880_RS16200",1.86221772763783,NA
"gene.Y880_RS16575",1.88101989988284,NA
"gene.Y880_RS16580",1.90446305729347,"tsaB"
"gene.Y880_RS16680",1.631855941406,NA
"gene.Y880_RS16690",1.74230158148165,NA
"gene.Y880_RS16695",1.92852284857585,NA
"gene.Y880_RS16775",1.70190415743598,NA
"gene.Y880_RS16885",1.5569239643048,NA
"gene.Y880_RS17050",1.87968263924914,NA
"gene.Y880_RS17295",1.65460616255357,NA
"gene.Y880_RS17325",1.61115555247792,NA
"gene.Y880_RS17330",1.79025313779186,NA
"gene.Y880_RS17425",1.57622718146053,NA
"gene.Y880_RS17430",1.83030990774472,NA
"gene.Y880_RS17460",2.09149517830347,NA
"gene.Y880_RS17800",1.65408210853109,"moaB"
"gene.Y880_RS17990",1.6426168224474,NA
"gene.Y880_RS18075",1.86706090919373,NA
"gene.Y880_RS18080",1.5847812728545,NA
"gene.Y880_RS18140",1.6997918231677,NA
"gene.Y880_RS18165",1.71734027293683,NA
"gene.Y880_RS18200",1.60935440493785,NA
"gene.Y880_RS18460",1.55707502599593,NA
"gene.Y880_RS18475",1.6782408521312,"ribA"
"gene.Y880_RS18480",1.88455825373996,NA
"gene.Y880_RS18500",1.55487388401574,NA
"gene.Y880_RS18505",1.77110653263364,NA
"gene.Y880_RS18840",1.76657798353011,NA
"gene.Y880_RS19415",1.57153079255625,NA
"gene.Y880_RS19630",1.56969979422301,NA
"gene.Y880_RS19845",1.74675441443044,NA
"gene.Y880_RS20325",1.70384306712416,NA
"gene.Y880_RS20330",1.75442548969056,NA
"gene.Y880_RS20355",1.72253268322634,NA
"gene.Y880_RS20360",1.72392227540646,"murG"
"gene.Y880_RS20535",1.70732059045742,NA
"gene.Y880_RS20590",1.61032776852988,NA
"gene.Y880_RS20945",1.63380335259138,"pilB"
"gene.Y880_RS20960",1.68498951830435,NA
"gene.Y880_RS21025",1.58535578530185,NA
"gene.Y880_RS21035",1.55454528650301,NA
"gene.Y880_RS21050",1.60581152082456,NA
"gene.Y880_RS21060",1.5968373923051,NA
"gene.Y880_RS21065",1.78219037458231,NA
"gene.Y880_RS21070",1.61687954667486,NA
"gene.Y880_RS21100",1.6910442785983,NA
"gene.Y880_RS21140",1.58259865392761,NA
"gene.Y880_RS21145",1.55167826188281,"mviN"
"gene.Y880_RS21160",1.60123627008103,NA
"gene.Y880_RS21165",1.62773710965636,"obgE"
"gene.Y880_RS21195",1.89205990887616,NA
"gene.Y880_RS21720",1.55990118625916,NA
"gene.Y880_RS22220",1.60539618554733,NA
"gene.Y880_RS22225",1.63454926532838,NA
"gene.Y880_RS22260",1.65291837793309,NA
"gene.Y880_RS22265",1.64646214784539,NA
"gene.Y880_RS22330",1.8931077268581,NA
"gene.Y880_RS22335",1.77345971972445,NA
"gene.Y880_RS22345",1.59122599661977,"pdhR"
"gene.Y880_RS22800",1.80033500712902,NA
"gene.Y880_RS22880",1.81675211243062,NA
"gene.Y880_RS23240",1.73523422673667,NA
"gene.Y880_RS23245",1.68042591236676,NA
"gene.Y880_RS23250",1.77804979684508,NA
"gene.Y880_RS23325",1.7986577364128,NA
"gene.Y880_RS23330",1.76140734201212,"serB"
"gene.Y880_RS23530",1.77799054888684,NA
"gene.Y880_RS23565",1.59207203397364,NA
"gene.Y880_RS23570",1.78089382437213,NA
"gene.Y880_RS23600",1.61738631778238,"waaF"
"gene.Y880_RS23645",1.91521712710581,NA
"gene.Y880_RS23775",1.59438714123506,NA
"gene.Y880_RS23780",1.65473634943809,NA
"gene.Y880_RS24220",1.70823817894504,NA
"gene.Y880_RS24570",1.55914652819114,NA
"gene.Y880_RS24650",1.58886964734932,NA
"gene.Y880_RS25215",1.58792178326452,"coaBC"
"gene.Y880_RS25220",1.9579576569255,NA
"gene.Y880_RS25270",1.8260970999022,NA
"gene.Y880_RS25275",1.95138869129938,NA
"gene.Y880_RS25280",2.0862268978709,NA
"gene.Y880_RS25290",1.58438024058126,NA
"gene.Y880_RS25300",1.65327812520708,NA
"gene.Y880_RS25680",1.81163788382906,NA
"gene.Y880_RS25905",1.58556841383047,NA
"gene.Y880_RS26070",1.68605668643028,NA
"gene.Y880_RS26270",1.57824009576912,NA
"gene.Y880_RS26675",1.58357583914089,NA
"gene.Y880_RS26830",1.72305940790068,NA
"gene.Y880_RS27255",1.6947603517994,NA
"gene.Y880_RS28220",1.57103931490601,NA
"gene.Y880_RS28430",1.78903460521275,NA
"gene.Y880_RS28640",1.62922170622109,NA
"gene.Y880_RS28670",1.57661496634189,"pyrB"
"gene.Y880_RS28855",1.61070062278643,NA
"gene.Y880_RS28920",1.63387285943857,NA
"gene.Y880_RS29095",1.6374082637618,NA
"gene.Y880_RS29115",1.54942620514883,"rarD"
"gene.Y880_RS29575",1.5690988304495,NA
"gene.Y880_RS29960",1.64142610766128,NA
"n1131",1.66962806710052,"1-18:1-lysophosphatidylglycerol"
"n1272",1.80004753771044,"LysoPE(16:1)"
"n1274",1.8377936169109,"PC(15:0)"
"n1277",2.35691761039678,"sn-Glycerol 3-phosphate"
"n1280",2.28025025793916,"2,6-Dimethyl-1,8-octanedioic acid"
"n1499",2.25999344152485,"FA hydroxy (18:2)"
"n1664",2.06003009701432,"FA oxo(18:0)"
"n1848",1.99962621301204,"[FA hydroxy(16:1)] (+)-12-hydroxy-9Z-hexadecenoic acid"
"n1849",2.18933846960626,"[FA oxo(16:2)] cyclopentanehexanoic acid"
"n1933",1.69001837435477,"1-acyl-sn-glycero-3-phosphoglycerol (n-C16:0)"
"n1956",2.2190041406299,"FA (18:1)"
"n2035",2.243804377107,"FA(16:1)"
"n2086",1.61932612504561,"AMP"
"n2133",1.69305573056058,"[LysoPC(14:1)] 1-(9Z-tetradecenoyl)-sn-glycero-3-phosphocholine"
"n2677",1.67660508767744,"LysoPE(18:0)"
"n2749",1.67267527975813,"[FA hydroxy(10:0)] 9-hydroxy-decanoic acid"
"n2761",1.59557099789669,"L-Tyrosine"
"n2770",1.65431946776195,"[PE(15:0/15:0)] 1,2-dipentadecanoyl-sn-glycero-3-phosphoethanolamine"
"n2884",1.87149849989173,"LysoPE(0:0/14:0)"
"n2913",1.88649326556543,"beta-Tocotrienol"
"n3044",1.61983709467726,"[PE(16:0/14:0)] 1-hexadecanoyl-2-tetradecanoyl-sn-glycero-3-phosphoethanolamine"
"n3085",1.60099237217143,"PS(38:4)"
"n3087",2.1038431674661,"11,12,13-trihydroxy-9-octadecenoic acid"
"n3110",1.65634631170735,"Pantetheine 4'-phosphate"
"n623",1.66869579357976,"1-acyl-sn-glycero-3-phosphoglycerol (n-C18:0)"
"n628",1.98691065786886,"[FA (18:1)] 9Z-octadecenoic acid"
"n651",1.99894606372914,"chlorophyll c2"
"n703",2.19452271010234,"10S-HpOME"
"n712",1.85781466420074,"PE(32:1)"
"n713",1.78003352759321,"Ala-Thr-Ser-Tyr"
"n715",2.05916191348081,"Met-Thr-Pro-Pro"
"n720",1.67969171531154,"Ala-Thr-Cys-His"
"n722",1.82353391576305,"Arg-Asn-Asp-Asp"
"n823",2.19336072226554,"PE(30:1)"
"n825",1.87661650218496,"Flavanone 7-O-beta-D-glucoside"
"n941",2.09286865332677,"LysoPE(16:0)"
"n967",1.80900935925887,"PG(16:0/16:0)"
"neg_109",2.24939296748368,NA
"neg_111",1.59775241410856,""
"neg_115",1.78503011586778,""
"neg_13",2.2054881850156,NA
"neg_15",2.10935325634817,NA
"neg_154",2.25313209443787,NA
"neg_168",1.57800817881817,NA
"neg_184",1.80997394291841,"4-keto myristic acid"
"neg_186",1.69895372105946,"2-tetradecenoic acid"
"neg_19",2.24201850453509,"PE(18:1(9Z)/0:0)"
"neg_198",2.09915912242557,NA
"neg_2",2.03241829972294,"2-Hexyldecanoic acid"
"neg_201",2.18889546781792,"LP 12 hydrochloride hydrate"
"neg_21",2.26400336802443,"9,10-dihydroxy-12-octadecenoic acid"
"neg_210",1.8269869089492,NA
"neg_213",1.74567090604847,NA
"neg_216",2.21276644860526,NA
"neg_22",1.89268326693391,"9-hydroxy-12Z-octadecenoic acid"
"neg_220",2.0432619802478,"PG(15:0/15:0)[U]"
"neg_226",1.76080592197091,NA
"neg_231",2.25350297126888,"D-Glycerol 1-phosphate"
"neg_248",1.91193344773979,NA
"neg_251",2.3322266811862,"cis-&alpha;-octenoic acid"
"neg_252",1.61039558842546,"Istamycin C0"
"neg_289",1.76244687597801,"Guanosine 5&prime;-diphosphate (GDP)"
"neg_29",2.39820450888428,"D-Glycerol 1-phosphate"
"neg_299",1.61664624447247,"Methyl 2-propenyl selenide"
"neg_3",2.21375070543602,"2Z-octadecenoic acid"
"neg_307",2.34202045010095,""
"neg_313",1.86502778763272,"L-Tyrosine"
"neg_331",2.25827625768872,"Idebenone Metabolite (1,4-Benzenediol, 2-(10-hydroxydecyl)-5,6-dimethoxy-3-methyl-)"
"neg_332",2.39280070046388,NA
"neg_333",2.19415958773248,NA
"neg_347",1.58563343340468,NA
"neg_350",1.59346737919552,"D-Glucose 6-phosphate"
"neg_36",2.25255985320549,"PE(16:0/0:0)"
"neg_360",1.73785388146318,"beta-D-Glucosamine"
"neg_363",1.56255986432814,"Glyceric acid"
"neg_37",1.83150586615467,NA
"neg_370",2.03159111911205,"2-hydroxy capric acid"
"neg_371",2.25153159216528,NA
"neg_373",1.59792309939895,"Meprobamate"
"neg_374",1.7110586812949,"9-hydroperoxy-10E,12-octadecadienoic acid"
"neg_388",1.65387837952281,"2-lauroleic acid"
"neg_389",1.80607680821312,""
"neg_391",1.6105569426844,""
"neg_397",1.89143272353854,NA
"neg_4",2.11942207561145,"Gaidic acid"
"neg_410",1.68237381270393,"4R-aminopentanoic acid"
"neg_43",2.26358752362578,"DIBUTYL SUBERATE"
"neg_448",1.84277738802199,"Iodoacetic acid"
"neg_46",2.18390401167773,"PE(18:1(9Z)/0:0)"
"neg_468",2.22531667536014,"Oxalosuccinic acid"
"neg_469",1.56174004118141,NA
"neg_496",1.78894433412672,NA
"neg_498",1.55919722319787,"5'-CMP"
"neg_507",1.69690576292804,"UDP-N-acetyl-D-galactosamine"
"neg_518",1.69597653923213,"Liquid thiophthene"
"neg_524",1.89251561267617,"PE(18:0/12:0)[U]"
"neg_535",1.55332820278929,"clioquinol"
"neg_545",1.58622375915836,""
"neg_55",1.55019206147508,"10-methyl-9-hexadecenoic acid"
"neg_559",1.67503702504053,"L-Tyrosine"
"neg_570",1.55757800803102,"NADIDE"
"neg_579",2.0011242190449,"Vignatic acid B"
"neg_58",2.26926020384472,"Ambrettolic acid"
"neg_582",2.19149329857877,NA
"neg_59",2.25975138566495,"(&plusmn;)9-HODE"
"neg_600",2.35285574789358,NA
"neg_605",1.86343957176949,"Deoxyadenosine monophosphate"
"neg_61",1.56289271406467,""
"neg_616",1.78450403194952,"L-beta-aspartyl-L-leucine"
"neg_64",2.24085677695479,NA
"neg_642",1.7901594849634,"Guanidylic acid (guanosine monophosphate)"
"neg_644",1.5654330838504,"S-(4-Bromophenyl)-mercaptopyruvate"
"neg_652",1.70456768702897,NA
"neg_664",1.62908102553437,"L-Histidine"
"neg_67",2.08928943757179,NA
"neg_675",1.75724119482777,"Sulfoacetic acid"
"neg_693",1.59400392999038,"Acetyl-CoA"
"neg_718",2.27622148773759,"Neuraminic acid"
"neg_73",2.39894764534969,""
"neg_735",1.6766469616115,"Sulfamoyldapsone"
"neg_752",1.72091223469739,NA
"neg_77",2.16762436931589,"PE(16:0/0:0)"
"neg_772",1.97878043708551,"Deoxyguanosine diphosphate (dGDP)"
"neg_79",1.77249359254055,"Methoprene acid"
"neg_791",2.31382489935518,""
"neg_80",1.81558706816549,NA
"neg_801",1.68061291649079,""
"neg_803",2.11912097943067,"Cartilagineal"
"neg_806",1.58536919097844,""
"neg_84",1.77212018982366,"PC(O-11:1(10E)/2:0)"
"neg_844",2.09271346578366,"2-(Fluoromethoxy)-1,1,3,3,3-pentafluoro-1-propene (Compound A)"
"neg_848",1.56443106151299,NA
"neg_88",2.27530620630219,NA
"neg_9",2.02884525731839,NA
"neg_90",1.96420599474244,"(??)9-HODE"
"neg_92",1.85369340664439,NA
"p1106",1.60162386740789,"Glyuranolide"
"p1295",1.99960134221705,"4,7,10,13-Hexadecatetraenoic acid"
"p1314",1.94046566474352,"psicoselysine"
"p1319",1.96749183933215,"4-8dimethylnonanoylcarnitine"
"p1744",2.08028737755732,"[PR] (+)-Bornane-2,5-dione"
"p1803",2.05431582229869,"14,14,14-Trifluoro-11E-tetradecenyl acetate"
"p181",1.76809738788628,"Ala-Leu-Lys-Thr"
"p1812",2.1341307896141,"Sambutoxin"
"p188",1.73224467223994,"Ser-Ser-Arg"
"p227",2.12601046746761,"5beta-Estrane-3alpha,17beta-diol"
"p234",2.1513868213945,"(+)-Prosopinine"
"p242",2.13952876919791,"Rishitin"
"p245",2.15971495300726,"3-hydroxy-9-apo-&beta;-caroten-9-one"
"p249",2.06896277081557,"4,8-Dimethyl-4E,8E-decadien-10-olide"
"p251",2.03140890686404,"(1S,2R,4S)-(-)-Bornyl acetate"
"p255",2.12001551975701,"3-tert-Butyl-5-methylcatechol"
"p260",2.16860782396555,"PA(31:2)"
"p267",1.90321521847675,"3-Isopropylcatechol"
"p273",2.05972634285405,"N-palmitoyl threonine"
"p274",1.78509513884885,"5-Ethyl-3-methyl-2E,4E,6E-nonatriene"
"p2906",1.6157963314986,"5'-Methylthioadenosine"
"p2913",1.82942798529435,"Cytochalasin Opho"
"p339",1.64266187009963,"[PC(14:0/18:0)] 1-tetradecanoyl-2-octadecanoyl-sn-glycero-3-phosphocholine"
"p3612",1.56080042235649,"Thiamin"
"p3804",2.07087455526511,"8-(5-hexyl-furan-2-yl)-octanoic acid"
"p3805",2.0850342036046,"FA (10:2) Decadienoic acid"
"p3806",2.08035530073117,"Tricycloekasantal"
"p3807",2.11174696788271,"Jasmone"
"p3812",2.05537693131349,"FA (9:2) nonadienoic acid"
"p3816",2.08542932268906,"Isolongifolene, 4,5,9,10-dehydro-"
"p4429",2.22274933424626,"Atrovirinone"
"p4607",1.58794132495604,"Asp-Leu-Lys-Pro"
"p4768",2.22345684984953,"4,4-Difluoro-17beta-hydroxy-17alpha-methyl-androst-5-en-3-one"
"p4833",2.03919667460118,"Butadiene-styrene rubber"
"p5540",2.15993505203049,"[SP amino,tetramethyl(4:0/18:0/3:0)] 2S-amino-5,9,13,17-tetramethyl-8E,16-octadecadiene-1,3R,14-triol"
"p5562",1.80271267188442,"Leu-Gly-Pro"
"pos_1013",1.89023412633274,NA
"pos_102",2.39450611653325,"Phenylglyoxylic acid"
"pos_1020",1.55636622795332,"2-AMINOPURINE"
"pos_1021",2.37398135607068,"2-Amino-3-methyl-1-butanol"
"pos_1023",2.20368952836228,""
"pos_1034",1.88443603908373,NA
"pos_1042",1.56775063502686,"5'-CMP"
"pos_1043",1.7928276711688,""
"pos_1052",1.67657665088159,"Alepric acid"
"pos_1060",2.30188027975743,"Cinnamaldehyde"
"pos_1063",1.63609840440331,".beta.-Peltatin, 3'-demethoxy-O-methyl-"
"pos_1067",1.55130308589309,"0"
"pos_1085",1.63291644377391,NA
"pos_109",1.91038214353557,"Lys Lys Ser"
"pos_1090",1.93692726974536,NA
"pos_1092",2.35242664520277,"Thiarubrine A"
"pos_11",1.70173479869756,"4R-aminopentanoic acid"
"pos_1101",1.66745471310618,"cis-&alpha;-octenoic acid"
"pos_112",1.91934283935723,NA
"pos_1126",1.58393704202948,NA
"pos_1155",1.83906976001418,"Adenosine 5'-phosphate disodium"
"pos_116",2.34501074585778,NA
"pos_1168",1.605575405968,"Salicylic acid"
"pos_1173",2.23119634603333,"Tizanidine"
"pos_1178",1.60423303307839,"cyclic adenosine diphosphate ribose"
"pos_118",1.90061644305941,"5Z,12Z-otadecadienoic acid"
"pos_1180",1.76844558875065,"Guanosine 5&prime;-diphosphate (GDP)"
"pos_1185",2.39653067346896,NA
"pos_1188",2.38911387091495,""
"pos_1209",1.6927623471596,"Acetyl-CoA"
"pos_1217",1.5487863167368,"TROMETHAMINE"
"pos_1219",1.71473790712563,"Cytosine"
"pos_1223",1.61327663037289,"D-Glucose 6-phosphate"
"pos_1240",2.39503298146813,"3-Hydroxyphenylglycine"
"pos_126",1.77861715402339,""
"pos_1268",2.06406561165389,"furazolidone"
"pos_128",2.28606721790206,"N-Palmitoyl Glycine"
"pos_1280",1.82044289576601,"Guanidylic acid (guanosine monophosphate)"
"pos_13",2.31305320605372,"3E,9Z,12Z-octadecatrienoic acid"
"pos_1332",2.27254579171968,NA
"pos_1352",1.55207836721372,"Piperazine adipate"
"pos_1354",2.32172505350303,"N-Gluconyl ethanolamine phosphate"
"pos_1355",1.57936432476155,NA
"pos_137",2.1336135670709,"9-hydroxy-12Z-octadecenoic acid"
"pos_1374",1.62763102281092,NA
"pos_1375",1.92583219517326,"3-Bromosulfolane"
"pos_1377",1.73849058376539,"Benzofuran"
"pos_1394",1.75056150791219,"Glycyl-L-leucine"
"pos_1434",1.81083213280213,""
"pos_1441",1.64913988981391,NA
"pos_1445",1.55459679890546,"PE(13:0/14:0)[U]"
"pos_1448",1.87749956845598,NA
"pos_146",1.60868539490626,"(Z)-N-(2-hydroxyethyl)hexadec-7-enamide"
"pos_1472",1.78420479055774,"4-Pyrimidine Methanamine (hydrochloride)"
"pos_1475",1.87745466278438,""
"pos_1482",1.77640518384494,""
"pos_1492",1.62158203669107,NA
"pos_154",2.26430689089845,NA
"pos_157",1.9477997676643,NA
"pos_171",1.71630448179859,"L-Tyrosine"
"pos_174",2.20979686560093,"9,12-hexadecadienoic acid"
"pos_180",2.39920875961294,""
"pos_181",2.11421227796877,NA
"pos_19",2.24694958655735,"PE(18:1(9Z)/0:0)"
"pos_195",2.29786418385641,"5-(1-oxopropan-2-yl)isolongifol-5-ene"
"pos_197",2.39018514328687,"D-Glycerol 1-phosphate"
"pos_213",1.86565864386127,""
"pos_215",1.59687003532938,"PG(18:1(9E)/0:0)[U]"
"pos_224",2.28322153689727,"(4E,8E,10E-d18:3)sphingosine"
"pos_23",2.34651404210362,"(??)9-HODE"
"pos_234",2.12467002993344,"1-(2,6,6-Trimethyl-2-cyclohexen-1-yl)-1,6-heptadien-3-one"
"pos_238",1.72888170283501,NA
"pos_242",1.6829098024203,"9Z,12Z,15Z-Octadecatrienal"
"pos_254",1.7751076420807,NA
"pos_273",1.9401765297357,NA
"pos_288",1.61684088357362,"Cumene"
"pos_292",2.31611591812898,NA
"pos_300",2.10092438672081,"Allopumiliotoxin 267A"
"pos_302",1.5775077017328,"Ectocarpen"
"pos_304",1.7736271791885,NA
"pos_308",2.15641951250762,"LP 12 hydrochloride hydrate"
"pos_318",2.14777207931742,NA
"pos_320",2.24698596304009,NA
"pos_330",1.84656504488989,"L-Aspartic Acid"
"pos_340",2.13504927804713,"Dehydrophytosphingosine"
"pos_367",1.84049501311122,"Ethephon"
"pos_372",2.21416133571951,"Polypodine A, mixt. with Polypodine B"
"pos_378",1.95658348568699,NA
"pos_391",2.31875922588839,"Ambrettolic acid"
"pos_397",2.01048087121881,"TMPH hydrochloride"
"pos_40",2.26345747126325,"PE(16:0/0:0)"
"pos_402",2.24253094519086,"4-Heptyloxyphenol"
"pos_413",2.29654037206134,"4-Vinylcyclohexene"
"pos_43",2.21570616088071,"PE(18:1(9Z)/0:0)"
"pos_441",2.15325814739607,"10E,12E,14E-Hexadecatrienal"
"pos_443",1.62465879270118,""
"pos_45",1.78229437561106,"Netilmicin"
"pos_454",2.39595435029712,""
"pos_457",1.97121309687753,NA
"pos_458",2.39059689502959,"Phosphoric acid"
"pos_461",1.8633488345261,"Phenylmethyl methyl ketone"
"pos_463",1.67326295694183,""
"pos_466",2.21626219058607,NA
"pos_467",2.21495743733173,"0"
"pos_470",2.02271890154841,"p-Xylene"
"pos_472",2.08517002095516,"PE(18:1(9Z)/0:0)"
"pos_475",2.18452776214932,"1-(2,6,6-Trimethyl-2-cyclohexen-1-yl)-1,6-heptadien-3-one"
"pos_483",2.33149504713514,NA
"pos_485",1.6773635889686,"N-(6-aminohexanoyl)-6-aminohexanoic acid"
"pos_486",1.58247478033955,"Lactamide"
"pos_487",2.23708201918263,"4-Hexyloxyphenol"
"pos_489",2.20518611487228,NA
"pos_493",1.91585927522658,NA
"pos_497",1.66311872878613,NA
"pos_500",1.81958756415706,""
"pos_505",1.92075044826267,""
"pos_519",2.25591899342476,"3-NOR-3-OXOPANASINSAN-6-OL"
"pos_52",1.74344614865977,"Istamycin C1"
"pos_521",1.71958035255641,"Ricinoleic Acid methyl ester"
"pos_524",1.75536014400053,"GUANOSINE-5'-DIPHOSPHATE SODIUM SALT"
"pos_526",1.6655791429203,"D-THREONINE"
"pos_544",1.66489833101073,"Pirimicarb"
"pos_552",2.12642572433753,NA
"pos_557",1.99289476526507,"Cystophorene"
"pos_561",2.03810147478002,"(3E,7E)-4,8,12-Trimethyl-1,3,7,11-tridecatetraene"
"pos_563",2.20310573639193,"Santene"
"pos_566",2.33800699894362,""
"pos_571",2.20728752826315,"3,4-Dimethylstyrene"
"pos_572",1.669748580013,NA
"pos_574",2.22342137096833,NA
"pos_578",2.25440451060162,"Aleprylic acid"
"pos_580",2.26684147876864,"Fenipentol, (r)-isomer"
"pos_597",2.11273966674718,"2E,4E-undecadienoic acid"
"pos_600",1.66750649174195,"Glycyl-L-leucine"
"pos_609",1.56282873454474,NA
"pos_611",2.21999009453203,NA
"pos_614",2.17431845902067,"13(S)-HOTE"
"pos_620",1.71128214223939,"ACETANILIDE"
"pos_632",1.73147259518772,"m-Coumaric acid"
"pos_653",1.57129609502785,NA
"pos_655",2.19545420899477,"1-Methyl-1,3-cyclohexadiene"
"pos_660",2.16334460040844,NA
"pos_666",1.99463870309457,NA
"pos_670",2.26680957964036,NA
"pos_674",2.22354620148748,"2,6-nonadienoic acid"
"pos_68",2.18536257942498,"Sclareolide (Norambreinolide)"
"pos_695",1.9660391912222,"Phenanthrene-9,10-oxide"
"pos_714",1.89374810237233,NA
"pos_715",1.5835165775179,"Meprobamate"
"pos_72",2.22949594651034,"Methoprene acid"
"pos_729",1.93717040023659,"L-Tyrosine"
"pos_751",2.36947554063592,""
"pos_76",2.29736541297237,"5-(1-oxopropan-2-yl)isolongifol-5-ene"
"pos_769",1.78836024750595,NA
"pos_770",2.23469340248363,"BHA"
"pos_771",2.20285695130072,"Fenipentol, (r)-isomer"
"pos_779",1.57612543957166,"Piperidine"
"pos_789",1.55286981304779,"NADIDE"
"pos_791",1.86216725583384,NA
"pos_804",2.28163471874262,NA
"pos_81",1.90367072624846,"Ala Ala Lys Val"
"pos_817",1.72615529795672,NA
"pos_821",1.86739081249616,"9Z,12Z,15Z-Octadecatrienal"
"pos_829",2.09539163248776,"Styrene"
"pos_833",1.88792493324151,NA
"pos_838",1.79487203204567,"Fosfomycin calcium"
"pos_84",2.24227943326964,NA
"pos_850",1.64671388725619,NA
"pos_857",1.74990632780926,"Mutant IDH1 inhibitor"
"pos_861",1.77857509720338,"Leu Ala"
"pos_87",2.3121957007829,NA
"pos_873",1.67173903090639,"DG(14:0/16:0/0:0)"
"pos_874",2.28348499075734,"p-Chlorobenzenesulfonylurea"
"pos_90",2.21062192818147,"PE(16:0/0:0)"
"pos_939",2.06653773441585,NA
"pos_946",1.69878433607468,"SAHA/Vorinostat"
"pos_956",2.19968615104889,"(+)-Vulgraon B"
"pos_971",2.03500390037875,NA
"pos_976",1.78182374011797,"Arginyl-Valine"
"pos_98",1.75692251318366,"PC(O-11:1(10E)/2:0)"
"pos_982",1.73862780284272,"Ornithine"
