sample_name,gene_Y880_RS00170,gene_Y880_RS00950,gene_Y880_RS00960,gene_Y880_RS01375,gene_Y880_RS01385,gene_Y880_RS01515,gene_Y880_RS02065,gene_Y880_RS03625,gene_Y880_RS03630,gene_Y880_RS03750,gene_Y880_RS03800,gene_Y880_RS03840,gene_Y880_RS03875,gene_Y880_RS04305,gene_Y880_RS04445,gene_Y880_RS04650,gene_Y880_RS04655,gene_Y880_RS04825,gene_Y880_RS04830,gene_Y880_RS05000,gene_Y880_RS05070,gene_Y880_RS05295,gene_Y880_RS05300,gene_Y880_RS05975,gene_Y880_RS06015,gene_Y880_RS06270,gene_Y880_RS06495,gene_Y880_RS07035,gene_Y880_RS07275,gene_Y880_RS08330,gene_Y880_RS08985,gene_Y880_RS08990,gene_Y880_RS09715,gene_Y880_RS09720,gene_Y880_RS09725,gene_Y880_RS09730,gene_Y880_RS09870,gene_Y880_RS09875,gene_Y880_RS10120,gene_Y880_RS10825,gene_Y880_RS10875,gene_Y880_RS12160,gene_Y880_RS12450,gene_Y880_RS13200,gene_Y880_RS13395,gene_Y880_RS13880,gene_Y880_RS13960,gene_Y880_RS14210,gene_Y880_RS14250,gene_Y880_RS14430,gene_Y880_RS14535,gene_Y880_RS14625,gene_Y880_RS15030,gene_Y880_RS15035,gene_Y880_RS15250,gene_Y880_RS15310,gene_Y880_RS15355,gene_Y880_RS15885,gene_Y880_RS15890,gene_Y880_RS15895,gene_Y880_RS15900,gene_Y880_RS15905,gene_Y880_RS15910,gene_Y880_RS15915,gene_Y880_RS15925,gene_Y880_RS15935,gene_Y880_RS16260,gene_Y880_RS17000,gene_Y880_RS17300,gene_Y880_RS17935,gene_Y880_RS18385,gene_Y880_RS19020,gene_Y880_RS19025,gene_Y880_RS19470,gene_Y880_RS20050,gene_Y880_RS20055,gene_Y880_RS20065,gene_Y880_RS20070,gene_Y880_RS20075,gene_Y880_RS20080,gene_Y880_RS20265,gene_Y880_RS20565,gene_Y880_RS20570,gene_Y880_RS20575,gene_Y880_RS20580,gene_Y880_RS20780,gene_Y880_RS21240,gene_Y880_RS21245,gene_Y880_RS21250,gene_Y880_RS21255,gene_Y880_RS21260,gene_Y880_RS21265,gene_Y880_RS21270,gene_Y880_RS21470,gene_Y880_RS21565,gene_Y880_RS22000,gene_Y880_RS22365,gene_Y880_RS22370,gene_Y880_RS22375,gene_Y880_RS22380,gene_Y880_RS22385,gene_Y880_RS22390,gene_Y880_RS22395,gene_Y880_RS22410,gene_Y880_RS22415,gene_Y880_RS22700,gene_Y880_RS22970,gene_Y880_RS23310,gene_Y880_RS23650,gene_Y880_RS24055,gene_Y880_RS24060,gene_Y880_RS24670,gene_Y880_RS24675,gene_Y880_RS24775,gene_Y880_RS25285,gene_Y880_RS25425,gene_Y880_RS25430,gene_Y880_RS25450,gene_Y880_RS25455,gene_Y880_RS25460,gene_Y880_RS25465,gene_Y880_RS25470,gene_Y880_RS25500,gene_Y880_RS25680,gene_Y880_RS25770,gene_Y880_RS26075,gene_Y880_RS26325,gene_Y880_RS26505,gene_Y880_RS27670,gene_Y880_RS27675,gene_Y880_RS27905,gene_Y880_RS28115,gene_Y880_RS28470,gene_Y880_RS28475,gene_Y880_RS28480,gene_Y880_RS28485,gene_Y880_RS28490,gene_Y880_RS28775,gene_Y880_RS28795,gene_Y880_RS28800,gene_Y880_RS28805,gene_Y880_RS28820,gene_Y880_RS28830,gene_Y880_RS29330,gene_Y880_RS29390,gene_Y880_RS29430,gene_Y880_RS29435
P6-2-24-P,6,301,19,130,37,413,465,21,30,158,32,16,57,44,111,24,18,42187,12679,181,38,18,19,34004,8,135,24,4,375,0.001,35,21,20,92,48,111,25,5,89,35,26,30,88,36,74,39,17,3,229,54,10,63,832,37,41,99,3,999,4966,898,1717,307,202,2415,39,59,213,30,166,140,125,10,17,1270,81,169,4064,700,9049,620,157,49,190,101,152,204,109,28480,1882,1743,900,312,58,20,86,110,14161,13856,1802,792,1087,240,31,539,912,46,19,246,63,17,113,278,443,39,96,21,25,26,24,29,33,118,169,36,57,234,82,5187,41,49,44,301,244,109,269,88,27,172,873,2038,994,265,2575,32,62,4721,2395
P6-3-24-P,9,240,16,137,67,365,519,75,63,54,65,18,107,27,46,77,34,29328,9898,276,26,21,26,25655,11,190,53,8,528,19,29,13,12,44,25,45,42,16,204,47,46,20,89,78,78,63,6,7,315,61,16,226,1081,66,92,121,0.001,2001,6399,1074,1436,207,151,2347,65,114,291,147,307,254,225,27,50,645,54,66,5252,1087,18342,1415,173,84,324,185,240,135,106,37833,1645,1298,660,233,61,22,91,153,18896,19383,2489,970,756,191,26,752,1273,44,9,333,146,24,69,198,430,37,115,47,25,46,45,42,42,160,134,25,138,168,196,1459,39,24,228,704,304,125,323,158,26,136,1176,2097,554,205,1933,92,72,3906,2890
P6-2-1-P,9,191,26,239,114,595,608,27,42,81,74,38,175,94,79,110,91,21388,10095,447,24,22,39,34067,19,301,46,9,585,0.001,24,10,24,65,52,84,63,16,291,119,59,36,155,275,148,68,53,9,427,119,19,147,969,80,71,190,4,1429,4447,735,1797,406,243,3170,329,124,198,121,396,603,247,21,39,867,62,51,2205,409,9626,871,378,105,458,304,410,350,99,63497,5646,5954,3373,1413,633,36,118,113,19431,20023,3168,1347,1300,273,51,1724,1962,66,18,259,128,64,192,288,477,64,187,68,70,100,75,46,60,177,174,30,112,141,186,3976,12,26,282,1380,125,56,189,136,33,240,1219,2585,821,313,2124,34,131,4992,3798
P6-3-1-P,11,90,9,145,81,375,346,15,21,40,30,27,94,82,57,51,38,15867,8000,307,14,12,20,20232,15,164,52,5,506,0.001,27,10,8,44,34,58,26,7,110,84,37,25,59,130,109,24,13,9,275,75,8,125,796,56,38,114,0.001,1442,4557,953,2055,383,274,3185,172,82,153,73,215,515,137,10,30,698,45,38,1426,324,5868,458,225,80,274,187,239,182,66,38722,3978,4255,2521,1311,468,29,98,50,13882,15789,3007,1271,1216,211,39,1071,1271,24,12,186,59,24,62,182,278,29,130,39,42,72,53,38,52,120,94,16,58,110,106,4150,11,24,98,850,88,37,126,77,20,156,756,1784,826,203,1392,7,97,3706,2633
P6-3-1-C,7,236,23,177,55,378,317,19,27,38,37,27,113,56,56,60,53,16013,7858,234,15,20,58,20857,8,305,76,5,458,0.001,16,7,14,31,32,45,35,16,240,48,28,16,63,89,105,37,12,7,271,98,15,75,645,72,45,112,1,1131,3679,715,1708,376,271,3163,136,80,138,59,196,537,146,24,22,732,31,32,1346,261,5921,541,263,88,269,162,255,159,38,35900,3375,3682,2088,1203,499,43,92,55,12528,14881,2776,1113,1073,191,33,966,1256,28,15,205,116,17,65,182,297,45,149,48,31,72,37,33,47,124,105,35,54,131,125,4375,5,4,101,646,76,31,106,70,23,154,641,1544,574,224,1568,18,84,3566,2674
P6-1-1-P,7,101,15,155,56,408,355,18,22,51,46,23,94,70,56,62,32,14680,7048,242,18,13,18,23228,4,191,45,8,442,1,18,10,17,55,32,60,37,7,204,83,37,17,59,164,97,35,36,5,308,69,14,135,768,55,31,122,0.001,1155,3912,664,1692,333,236,2759,200,69,154,62,166,445,103,11,24,597,39,48,1731,281,6751,554,279,83,281,212,238,175,40,34838,3472,3497,2083,976,419,35,93,74,13715,14364,2299,1041,929,264,40,950,1087,27,17,206,48,17,112,204,279,41,138,33,40,53,30,31,34,92,108,26,56,103,89,3300,6,14,127,800,70,24,108,64,20,162,685,1690,683,177,1411,12,92,3549,2237
P6-1-1-C,7,230,37,237,85,475,376,13,17,51,27,41,125,83,49,66,42,20518,10115,271,18,10,66,27828,11,351,67,9,623,0.001,16,5,18,55,36,72,47,11,323,52,46,25,74,112,111,34,75,11,379,100,17,58,934,98,52,128,1,1516,4839,1041,2548,513,314,3527,267,101,200,63,227,644,157,18,17,1089,46,62,2333,400,8646,722,352,91,326,210,321,185,53,46689,3938,4120,2332,1423,509,54,106,70,16596,18303,3305,1249,1199,289,62,1181,1498,41,28,249,79,23,89,274,409,50,209,63,54,55,43,41,38,102,125,39,44,145,100,5594,11,31,98,711,77,37,120,69,24,202,669,1736,801,261,1830,14,123,4505,3403
P6-2-1-C,9,293,21,192,75,412,387,25,21,84,77,34,121,80,61,102,91,15324,7402,235,34,44,71,25860,11,277,29,6,378,1,10,5,14,42,33,75,60,6,454,90,32,28,137,224,117,52,53,13,271,108,16,103,625,58,96,148,2,930,2835,489,1183,337,226,3092,267,82,163,90,241,407,207,21,35,785,55,46,1574,240,7097,682,284,88,387,254,298,199,68,39156,4130,4485,2583,1021,545,28,81,77,14811,15070,2617,1179,1102,207,41,1231,1267,50,16,184,225,67,169,203,316,61,163,54,46,82,68,43,57,128,174,30,61,131,175,3513,5,16,252,1253,86,37,119,88,36,119,686,1555,463,272,1799,26,62,3910,2754
P6-0-2,7,140,8,121,102,400,321,11,25,57,28,36,100,66,21,73,48,10593,3289,319,12,41,27,17749,11,160,7,10,313,1,21,7,12,95,31,38,8,5,209,67,22,20,78,83,65,39,19,12,252,200,13,389,784,66,160,106,2,1561,5878,1066,1610,270,213,4215,191,132,199,62,297,807,78,7,16,1011,83,33,850,180,3046,246,218,105,326,157,144,162,152,34514,3797,4165,1968,1089,336,26,78,83,11479,10567,1273,535,609,222,33,1026,1278,39,17,179,102,20,111,263,267,94,94,68,47,108,81,59,57,161,150,14,113,96,81,5615,7,24,261,289,301,145,393,164,45,184,390,1168,609,211,1481,15,94,4130,1556
P6-0-3,9,87,6,121,113,538,301,4,26,71,28,37,96,55,25,64,45,11483,3206,351,13,29,20,21504,9,168,11,3,652,0.001,20,14,14,92,23,48,20,6,84,40,29,18,69,44,42,14,12,6,308,139,5,212,693,69,99,131,1,1886,5438,906,1281,271,159,4016,161,111,216,47,337,919,91,16,19,1034,60,31,683,128,2349,159,237,89,426,178,169,145,135,35389,4361,4795,2328,1129,241,30,139,67,12421,11710,1050,400,631,210,34,1108,1525,43,12,221,55,20,33,372,298,73,157,73,57,136,105,100,102,251,113,20,95,132,86,7066,7,12,174,281,216,112,467,169,46,301,674,1766,869,193,1718,8,104,4742,1645
PAK-3-24-P,7,1052,53,177,105,477,491,19,37,35,31,11,53,22,48,33,140,492,253,433,48,66,192,28720,8,751,295,1,633,42,76,48,7,22,25,31,4,3,1408,15,7,68,67,22,62,43,10,6,347,249,12,269,1230,105,421,55,2,12,49,15,8,1,3,62,117,78,244,29,555,493,264,85,156,1398,28,6,67,9,109,7,328,69,284,174,193,131,20,107,31,25,22,11,10,16,125,72,71,84,29,12,16,47,14,23,32,68,5,349,1530,14,39,251,463,209,128,94,39,227,295,507,676,1016,221,33,124,366,324,4392,83,77,39,226,6,0.001,10,19,7,174,1578,3879,1493,325,2907,9,17,3994,2474
P6-0-1,7,99,12,103,96,497,454,5,22,52,29,33,81,63,28,83,37,13351,3540,270,5,49,16,24744,8,147,28,2,386,0.001,18,13,26,67,24,44,12,5,121,39,18,17,66,42,52,30,15,7,251,170,9,263,833,58,154,116,6,1550,5236,891,1164,242,160,3896,149,107,241,54,257,941,72,10,9,1294,45,14,865,226,2984,229,246,93,424,163,152,152,123,29814,3386,3498,1774,892,226,24,86,62,13400,10540,935,335,512,188,21,953,1207,26,7,177,95,14,26,340,235,88,126,75,47,115,67,56,45,211,130,16,115,120,97,7798,7,11,227,276,274,152,492,145,31,187,422,1146,574,177,2047,19,79,5012,1667
PAK-3-1-C,2,136,16,130,99,422,473,38,44,40,16,20,51,29,81,29,536,302,147,284,14,14,30,25941,6,180,76,4,599,3,10,4,9,30,18,34,3,5,155,6,9,29,81,29,64,20,12,7,303,97,28,103,711,56,39,77,3,8,55,11,10,6,6,201,455,144,214,34,221,837,150,22,18,1212,27,1,37,7,98,8,360,141,381,225,322,287,23,166,49,49,32,15,5,11,96,30,67,62,16,1,10,25,11,44,47,22,6,231,86,10,28,211,385,50,187,51,47,58,58,82,141,182,114,43,74,138,118,6032,9,7,19,271,7,1,8,33,8,152,675,1632,742,270,2193,39,58,1344,1069
PAK-2-1-C,3,177,11,165,90,512,505,52,56,33,24,18,41,29,77,51,31,301,140,217,15,13,33,29642,6,253,108,1,616,1,14,4,6,38,28,39,6,1,222,16,6,34,89,37,69,36,6,7,327,119,16,114,1022,76,46,91,1,18,40,7,24,4,2,237,457,104,220,45,286,731,179,33,35,1237,14,9,30,5,95,4,365,105,474,306,372,259,32,184,62,60,45,27,8,13,98,25,73,82,17,8,14,26,9,32,51,33,9,248,112,10,53,257,375,50,228,68,42,82,84,113,224,330,154,49,74,150,159,6736,6,22,66,244,7,4,9,35,11,165,621,1580,488,314,2460,57,28,1103,783
PAK-2-1-P,7,737,143,320,399,1033,1432,540,623,75,26,24,86,42,1462,47,51,15644,4994,3026,337,203,112,44216,9,837,21,8,1946,5,73,22,14,53,29,51,26,11,1630,72,30,41,634,119,78,36,20,5,590,258,42,267,1064,76,372,186,19,1300,3146,551,969,134,95,1768,411,155,193,72,4234,1524,244,104,262,874,50,26,245,66,870,75,766,250,1056,627,813,4024,65,312,90,84,69,31,14,15,259,101,2565,2977,765,470,529,184,31,308,416,181,2,364,452,23,83,363,570,245,298,562,273,324,349,747,1461,6118,204,28,1397,169,272,3578,24,38,266,460,282,135,438,219,38,409,3249,5903,1703,265,2219,62,257,2897,1632
PAK-1-1-P,6,282,27,185,147,678,918,181,163,38,19,27,69,39,443,24,590,9781,3309,1262,83,54,51,34824,6,371,44,3,941,1,22,8,9,36,27,28,6,5,584,29,19,32,217,46,57,23,9,3,502,126,24,306,893,68,113,124,3,592,1727,259,496,84,47,879,355,125,222,35,1368,982,170,34,120,930,41,7,179,36,729,53,473,137,658,324,475,1447,44,249,62,66,32,19,8,26,155,81,1346,1436,378,220,205,121,18,167,218,73,16,300,171,14,64,297,444,92,249,171,131,143,159,235,415,1688,170,30,440,146,162,4372,15,21,35,404,141,63,199,109,17,273,1763,3400,1207,225,1900,72,90,1792,1201
PAK-0-2,9,262,19,223,138,642,720,19,42,57,23,30,88,56,51,78,49,330,597,461,11,72,45,20528,7,276,24,5,379,0.001,44,17,19,43,29,13,3,8,359,97,34,26,133,116,58,33,17,8,271,232,19,513,1141,84,342,109,6,19,65,13,31,2,5,275,838,261,239,74,437,1064,138,22,24,1366,84,14,379,69,1230,77,331,141,429,176,223,243,119,199,100,73,49,30,16,25,138,109,79,62,39,22,40,64,31,77,67,54,11,256,218,22,94,447,287,205,168,94,76,192,125,113,105,305,180,29,119,167,121,7638,23,24,204,503,38,23,82,94,53,232,606,1621,1075,277,2263,25,113,1331,241
PAK-0-1,11,195,14,163,88,587,530,12,28,54,32,22,102,31,26,29,721,268,476,363,12,66,35,17209,3,303,14,6,393,1,30,12,3,30,10,12,3,6,250,48,20,14,93,61,50,17,7,1,265,248,9,390,921,75,286,93,5,12,45,4,27,9,2,223,396,159,204,43,343,809,95,11,19,837,56,16,291,43,1076,59,260,80,324,149,200,197,88,189,62,56,44,24,9,25,96,79,72,67,17,25,21,40,18,34,56,35,11,185,179,18,49,335,252,137,169,88,50,156,92,75,75,223,154,28,115,132,81,4549,17,14,32,333,51,14,43,89,21,181,503,1154,572,161,1574,20,77,825,163
PAK-1-1-C,6,147,15,170,110,469,767,67,61,30,17,21,53,43,93,29,615,363,176,294,12,15,38,32558,4,238,176,3,609,1,19,8,9,31,25,48,2,2,210,25,13,50,87,30,83,33,22,4,377,111,18,121,973,81,50,75,2,16,74,10,17,4,7,377,649,132,235,30,247,819,149,19,21,1470,40,4,60,4,100,5,456,123,477,279,395,331,20,274,58,43,36,19,8,40,144,41,102,117,35,19,19,47,18,58,64,40,13,313,80,20,80,327,518,47,272,57,47,69,60,83,137,274,164,61,81,182,128,7974,15,19,11,291,13,3,19,38,16,176,606,1657,766,353,2731,72,49,1449,1316
PAK-0-3,14,181,25,184,122,711,595,19,32,62,26,30,122,71,55,14,982,224,317,470,14,28,25,20903,9,256,24,4,858,2,28,9,12,60,16,25,1,4,128,74,29,20,94,88,87,24,16,4,452,191,15,258,1018,89,128,152,4,20,46,6,18,4,3,277,683,223,264,57,465,1098,164,21,20,1033,58,40,293,33,438,16,405,131,526,245,326,211,101,182,62,75,63,35,12,45,194,94,67,66,32,11,25,61,23,36,43,56,22,347,113,21,44,459,486,106,225,88,69,123,107,80,105,191,173,34,151,160,143,7264,17,28,33,391,35,14,50,79,36,357,1306,3085,1332,264,2080,27,137,1041,493
PAK-1-4-C,7,239,12,195,57,523,710,40,55,42,53,18,103,36,29,24,424,245,194,202,55,14,19,41912,5,176,59,10,619,0.001,35,19,11,34,21,32,2,4,242,21,13,39,85,22,93,48,21,5,361,67,28,298,680,71,54,81,1,12,45,8,11,2,2,33,154,179,312,58,207,503,377,16,41,1161,29,4,43,4,83,4,444,92,459,276,409,262,33,223,30,46,43,13,4,8,147,64,88,95,21,16,27,138,33,28,29,32,7,436,121,21,55,316,581,35,294,317,185,151,336,1190,2259,3422,276,40,199,198,242,4094,47,31,42,597,9,8,13,35,15,204,927,1805,768,369,3765,50,37,4610,3353
PAK-3-1-P,1,301,42,140,163,540,525,100,127,26,13,10,51,31,1300,13,454,7840,2290,1637,165,64,43,19399,6,380,9,2,965,6,81,29,9,28,12,18,6,7,439,42,8,25,290,38,34,15,2,1,368,98,24,165,555,28,140,77,39,605,1719,291,541,70,66,1094,97,74,137,18,1983,1146,100,51,125,562,17,16,100,29,411,35,389,115,606,281,315,3106,33,137,37,38,27,11,6,7,136,27,1543,1935,421,288,323,78,19,137,172,76,2,172,117,1,16,180,249,93,127,328,191,309,314,510,778,3574,81,20,594,80,114,2627,17,18,23,191,95,52,195,66,14,225,1923,3970,1386,126,1121,23,107,1664,809
P6-1-24-P,5,17,4,120,34,436,294,25,20,131,24,14,39,33,71,32,17,36922,14646,177,16,4,5,28686,7,41,26,7,286,0.001,26,11,14,64,37,109,41,9,23,17,25,38,72,30,46,20,11,4,293,16,15,72,999,64,10,72,0.001,1059,4300,784,1506,382,278,3104,31,44,234,18,122,127,71,5,8,2164,80,168,4709,845,13909,1117,114,45,231,135,164,116,75,22859,1431,1172,679,233,56,19,67,97,13804,13074,1927,767,860,243,38,492,606,45,6,144,24,8,40,130,267,13,114,23,15,33,18,27,48,93,111,44,44,151,61,6864,9,8,38,139,87,33,139,50,6,124,820,1629,802,245,2372,23,72,2367,1505
P6-3-24-C,11,160,18,104,67,330,266,18,30,34,37,20,80,29,35,43,21,27028,9713,145,21,13,19,21596,12,141,55,5,314,5,44,27,10,45,28,70,30,8,110,53,18,24,87,64,65,55,7,4,215,31,10,156,908,67,52,96,2,1528,5821,1152,1646,191,121,1758,58,85,195,123,140,186,148,11,24,702,36,50,4172,948,15444,1057,147,40,203,105,133,91,61,31844,1477,1319,623,262,69,12,71,116,16500,17948,2514,931,813,153,28,553,920,26,6,259,75,11,35,162,358,38,101,33,20,37,27,34,30,84,123,9,83,175,127,1707,30,16,120,635,208,88,242,120,17,123,689,1623,528,217,1818,42,71,3659,2444
P6-3-4-P,10,481,8,358,83,520,604,19,53,78,53,26,178,100,53,93,66,32893,10438,629,23,73,59,28274,12,376,12,7,1146,7,45,10,36,59,54,39,45,9,530,130,33,29,114,162,142,47,18,9,377,110,14,203,709,49,169,122,3,3042,8394,2216,3979,674,500,6433,89,145,243,102,803,528,237,46,102,575,65,35,1356,300,5545,463,310,91,466,371,700,349,97,109421,5570,6505,3304,2034,594,29,172,118,21071,21509,2732,920,1315,409,78,1705,2089,52,11,378,247,83,451,317,464,117,182,99,72,126,81,102,267,569,177,33,179,124,185,2314,11,13,171,1748,415,213,550,217,58,266,1499,2302,904,255,2626,33,130,6527,4281
P6-2-4-P,13,256,11,162,100,513,990,47,82,87,43,48,166,67,29,118,75,27663,7187,285,19,55,18,30529,28,268,20,12,253,3,34,4,37,86,44,18,24,15,733,226,43,39,115,306,57,78,32,14,134,140,18,192,971,53,271,148,6,1446,6565,1523,3274,614,369,6514,118,175,179,141,223,211,182,15,14,771,98,48,936,194,3527,284,200,84,241,136,209,413,200,129820,4786,5877,3374,1691,521,24,75,118,12910,8862,813,533,800,328,40,1288,1997,71,9,250,261,38,447,255,223,106,169,100,75,134,126,108,214,1600,199,28,248,79,97,2146,24,17,393,1814,305,141,625,438,84,101,1252,1863,935,155,1678,44,125,2566,1941
P6-2-24-C,8,193,6,117,56,301,386,10,21,121,35,16,55,29,81,18,23,34369,11561,175,35,9,12,26648,13,118,8,7,316,1,19,10,18,72,50,100,18,4,62,26,19,19,101,31,63,35,27,12,246,30,13,52,820,46,36,73,1,772,3862,760,1145,174,125,1747,16,47,236,29,158,131,109,12,4,927,69,196,4671,690,9151,700,98,41,163,104,121,217,96,22235,1740,1559,657,260,50,34,79,106,11340,11898,1629,761,1086,223,35,560,722,31,9,172,46,52,241,256,439,35,101,36,21,28,26,25,30,67,135,31,58,199,75,5149,19,20,27,180,277,98,273,87,18,138,553,1296,482,215,1711,21,52,4254,2302
P6-1-24-C,4,32,4,148,57,454,281,25,17,39,20,19,43,39,36,28,26,44263,17794,153,13,3,9,29745,14,56,92,8,276,3,50,18,9,52,27,56,27,14,16,37,17,31,47,47,60,31,24,6,260,19,17,101,646,50,20,72,1,1845,6158,1217,2733,600,414,5418,27,45,203,63,154,195,99,10,5,2240,68,109,3573,668,12323,716,175,56,244,148,174,76,54,26448,2318,2061,1064,556,114,29,66,52,18987,19668,2846,1162,1380,311,41,581,949,39,23,169,23,15,62,132,249,25,107,31,16,30,21,32,51,110,133,40,38,210,70,6570,8,9,61,279,87,37,158,74,16,138,496,1308,708,283,2728,53,70,2934,1963
P6-2-4-C,21,224,20,168,111,502,672,40,89,122,71,46,207,70,32,116,88,26593,8026,181,27,57,30,30662,43,252,11,10,200,0.001,25,14,32,80,52,19,20,8,630,168,45,37,102,265,103,100,56,12,151,139,17,196,814,53,203,126,5,1420,6733,1581,3109,570,379,6142,77,189,192,138,132,178,176,8,12,676,106,34,1058,199,3363,291,217,77,226,123,216,370,194,102059,4092,5374,3194,1677,521,31,84,97,13767,10460,1119,567,763,286,48,1449,1815,66,5,251,234,52,397,225,228,94,184,108,57,133,89,76,219,1056,178,22,186,96,84,1983,14,14,311,1624,305,179,662,453,90,109,904,1594,822,178,1743,63,91,3236,2595
P6-1-4-C,5,119,4,123,41,367,275,4,16,29,37,14,107,37,19,32,37,16762,6477,119,14,7,9,21998,5,127,5,4,372,0.001,7,6,8,27,11,16,20,4,155,18,7,17,31,16,73,41,11,7,235,22,5,105,322,17,24,56,0.001,811,2676,478,1199,284,201,3336,47,57,141,24,109,221,112,8,9,558,23,15,628,137,3022,238,204,44,237,139,186,119,24,43142,1737,2035,1253,620,194,15,65,32,10044,10349,1300,537,438,112,25,458,578,17,11,254,60,25,90,191,350,34,149,58,22,36,53,55,112,191,88,30,58,99,75,2027,11,5,67,502,73,26,67,54,16,131,525,1086,370,205,1858,13,57,3847,2132
P6-1-4-P,4,90,7,144,61,462,289,13,21,22,28,13,96,38,22,33,39,19712,7834,127,23,7,8,26993,6,78,10,4,399,0.001,10,8,11,31,19,33,25,10,102,16,9,28,27,11,74,40,10,6,260,27,10,103,523,31,13,77,1,887,3330,616,1416,319,243,3740,45,57,196,29,123,298,136,10,25,778,16,17,839,183,4117,370,237,71,294,149,198,118,25,53540,2088,2362,1496,639,247,19,76,40,12019,12492,1765,734,737,165,33,551,677,29,13,239,37,15,83,217,392,24,162,47,32,57,41,87,138,232,113,29,96,128,88,2880,27,12,81,464,53,17,76,42,18,150,836,1647,631,248,2336,21,50,4209,2661
P6-3-4-C,14,343,17,191,76,395,357,19,58,74,51,40,184,59,45,61,69,26439,8747,192,17,22,45,26379,11,254,11,19,521,2,21,9,21,67,20,29,40,11,356,110,25,21,94,115,130,75,26,9,315,67,20,172,338,25,123,130,5,2089,6924,1621,2608,490,390,5014,45,84,206,113,174,304,197,9,18,515,72,79,1683,370,5757,436,198,62,236,151,242,321,74,72166,4017,4772,2769,1429,486,24,101,94,17903,17715,2090,800,1055,305,59,1316,1547,43,12,312,169,80,348,253,371,67,182,70,63,94,68,56,195,355,137,30,111,112,153,2037,12,12,173,1483,413,165,425,198,55,176,902,1636,673,226,2197,26,70,5492,3710
PAK-3-24-C,9,1026,59,183,86,535,439,22,24,33,36,13,40,21,57,18,117,244,94,292,39,100,311,29528,10,1008,208,1,537,67,102,70,13,31,33,60,6,7,1999,17,18,75,60,19,60,21,14,4,356,351,16,343,1808,132,636,77,1,6,26,5,12,2,1,64,134,75,247,25,343,421,254,53,76,1947,20,2,25,6,72,4,244,66,278,160,213,144,16,159,19,24,14,7,24,11,132,50,49,57,20,9,19,26,9,19,27,121,8,396,1946,7,24,305,547,337,135,52,29,143,152,228,336,444,154,42,97,449,304,6457,48,43,34,215,13,1,13,9,5,209,2079,5467,2585,338,3012,35,27,3662,2065
PAK-2-24-C,2,203,11,186,57,470,342,6,17,28,22,15,39,20,50,15,22,126,54,188,20,12,34,39350,9,132,130,5,384,3,180,97,10,37,19,29,7,6,92,10,13,37,74,21,42,14,12,4,302,40,18,113,1315,93,44,48,1,10,20,1,8,1,3,54,111,75,266,11,102,254,117,8,13,2209,10,2,23,4,60,4,196,48,237,124,173,158,8,147,24,25,7,4,4,18,83,29,56,56,14,7,7,35,13,11,23,97,2,225,95,3,9,283,454,33,114,36,14,23,36,37,26,114,155,36,57,360,94,6437,62,49,58,79,4,4,4,14,7,197,714,1748,812,323,3332,42,19,2248,963
PAK-1-24-C,3,511,15,152,65,435,531,21,16,18,12,5,31,28,74,9,84,211,79,148,13,238,134,45918,9,454,105,8,368,4,248,121,14,36,27,36,1,2,712,18,30,21,90,15,56,16,14,8,278,329,11,85,1559,94,1046,70,1,10,29,7,18,1,2,63,114,73,235,22,142,280,180,3,9,2240,18,2,44,0.001,92,7,223,61,231,149,170,338,20,194,25,25,22,9,1,23,91,46,77,78,13,13,20,53,25,16,28,57,15,246,421,10,29,229,299,233,147,31,29,39,29,29,48,143,129,59,57,243,97,8463,34,26,10,77,6,2,9,21,5,210,746,1843,919,288,4059,28,36,2525,1220
PAK-3-4-P,3,286,40,311,216,719,840,142,170,40,33,28,65,52,375,25,501,3790,1627,724,81,25,23,34852,13,218,53,3,988,0.001,25,11,5,23,30,22,2,1,238,24,23,53,147,26,80,32,11,8,483,60,38,443,838,63,54,78,3,273,649,69,122,15,9,356,495,154,281,33,1304,1036,291,104,209,1412,46,7,125,28,483,49,405,169,625,353,473,826,30,141,37,53,44,19,15,18,181,52,593,675,196,148,143,94,35,122,130,99,5,433,110,10,45,352,688,58,279,435,228,284,392,916,1785,3167,170,39,319,235,252,6847,21,24,16,474,26,25,85,52,21,241,1732,4257,1689,495,4200,117,60,5200,3580
PAK-2-4-P,10,259,20,267,99,421,1769,378,289,63,26,25,86,36,141,61,43,1073,501,314,60,53,35,24438,11,183,16,6,283,1,33,17,19,50,27,13,27,9,581,44,25,26,123,56,41,37,15,7,175,110,18,247,923,48,204,78,4,71,102,17,37,5,4,234,306,162,166,73,597,348,190,14,19,601,71,10,137,28,280,10,175,70,307,227,423,597,37,162,35,41,35,18,16,13,126,70,233,162,47,30,42,109,29,110,125,103,6,212,359,25,75,223,295,94,171,302,112,154,135,175,1047,3715,179,21,283,95,120,2605,9,11,118,720,45,15,99,76,32,115,1497,2115,806,154,1618,70,95,1103,1204
PAK-1-4-P,7,269,17,271,100,596,927,157,179,51,42,16,86,52,98,21,429,1229,553,367,89,22,32,39030,5,204,23,4,649,4,30,8,8,39,15,26,6,6,266,10,16,40,112,19,104,62,6,5,390,53,28,332,809,42,47,92,2,90,141,15,28,6,4,165,369,171,289,51,461,569,381,41,100,1012,29,9,75,12,380,24,375,130,635,411,527,361,24,199,41,42,39,15,10,16,157,53,262,312,72,43,35,141,45,76,77,52,4,422,104,20,85,328,662,52,250,483,266,198,358,1303,2563,4555,233,35,192,184,296,3868,33,23,35,557,27,22,45,34,12,201,1628,3016,963,409,3391,71,35,4533,3231
PAK-3-4-C,7,202,11,237,138,733,670,52,78,36,29,12,102,36,46,26,483,206,145,470,72,11,32,38891,5,172,42,2,1030,1,43,15,13,32,20,19,2,2,196,21,15,36,75,20,87,37,3,7,441,44,23,351,939,78,29,91,1,10,33,7,4,1,2,61,251,182,355,47,528,733,268,61,113,1390,25,3,23,5,74,5,462,151,548,323,441,251,23,180,30,32,24,12,2,18,177,54,51,67,19,8,9,123,46,23,26,35,3,513,56,14,45,426,664,54,248,421,224,332,463,1054,2228,3156,211,39,182,210,210,7086,70,40,18,498,10,2,14,14,20,262,1282,3105,1252,531,4644,23,34,5368,3082
PAK-2-4-C,8,157,18,230,122,504,2140,260,168,116,51,25,141,42,24,99,75,410,437,460,97,29,42,39098,13,191,22,10,443,1,59,11,41,55,31,25,11,14,469,91,22,31,203,123,44,68,42,9,212,162,27,320,2022,164,103,69,2,9,42,3,13,3,1,40,17,152,248,182,284,247,329,23,22,712,80,12,156,21,322,14,244,92,319,199,263,573,63,220,45,58,47,13,8,18,115,71,79,74,36,19,28,212,51,92,22,189,6,251,269,27,83,326,359,78,197,498,150,160,170,220,1598,4755,239,48,372,94,126,3211,22,23,142,1252,40,11,28,63,21,133,2075,2039,801,232,2192,69,60,1287,1749
PAK-2-24-P,7,716,25,181,70,433,453,12,26,37,33,17,63,41,136,22,26,214,109,183,45,25,64,42337,8,240,75,4,383,6,134,67,12,45,32,36,7,3,198,21,18,36,100,32,46,32,23,9,264,122,15,93,1014,79,135,55,3,13,31,10,12,4,1,69,146,94,301,25,127,212,160,12,15,1985,29,2,50,10,93,7,203,57,235,136,209,316,12,230,31,38,22,15,4,25,92,67,76,88,12,17,27,37,18,23,16,77,9,274,200,12,55,338,602,72,116,46,22,34,27,27,44,143,147,35,70,348,119,7776,90,78,37,149,17,5,15,29,8,232,930,2507,1214,433,3679,50,27,4560,2142
PAK-1-24-P,3,262,8,162,40,430,375,7,10,24,18,8,31,41,112,2,79,194,84,187,19,80,64,51116,11,233,86,4,369,1,162,78,5,36,25,22,2,1,308,6,18,32,85,19,37,12,10,3,281,173,9,89,1173,82,450,69,3,8,26,2,6,3,0.001,53,84,54,216,16,131,220,135,7,8,2677,20,1,34,6,98,6,162,47,261,137,150,278,12,198,23,24,15,11,5,20,85,74,48,62,18,9,11,42,5,12,18,43,2,182,234,11,46,201,308,145,131,36,21,45,37,40,45,125,132,47,48,228,61,7535,26,16,23,79,8,2,11,13,4,183,693,1707,699,327,4100,34,14,2544,1103
